,name,style,substyle
142224,Hill Farmstead E.,Belgian-Style Ales,Belgian Ale - Pale / Golden / Single
835,Orval,Belgian-Style Ales,Belgian Ale - Pale / Golden / Single
5971,Westvleteren Blond,Belgian-Style Ales,Belgian Ale - Pale / Golden / Single
549668,De la Senne Bruxellensis Reserva,Belgian-Style Ales,Belgian Ale - Pale / Golden / Single
115822,Dieu du Ciel! Dernière Volonté (Pinot Noir),Belgian-Style Ales,Belgian Ale - Pale / Golden / Single
786775,De Ranke Hop Harvest 2019,Belgian-Style Ales,Belgian Ale - Pale / Golden / Single
426608,De la Senne Bruxellensis,Belgian-Style Ales,Belgian Ale - Pale / Golden / Single
97888,Allagash Confluence Ale,Belgian-Style Ales,Belgian Ale - Pale / Golden / Single
414254,Allagash Sixteen Counties Ale (2016 - ),Belgian-Style Ales,Belgian Ale - Pale / Golden / Single
250045,Toccalmatto / Prairie Okie Matilde,Belgian-Style Ales,Belgian Ale - Pale / Golden / Single
93776,Lost Abbey Saints Devotion,Belgian-Style Ales,Belgian Ale - Pale / Golden / Single
217601,De Ranke XXX Bitter,Belgian-Style Ales,Belgian Ale - Pale / Golden / Single
205514,Extraomnes Hopbloem,Belgian-Style Ales,Belgian Ale - Pale / Golden / Single
501362,Mikkeller San Diego Første Fødselsdag (First Birthday),Belgian-Style Ales,Belgian Ale - Pale / Golden / Single
158976,Green Flash Rayon Vert,Belgian-Style Ales,Belgian Ale - Pale / Golden / Single
877055,De Ranke Hop Harvest 2020,Belgian-Style Ales,Belgian Ale - Pale / Golden / Single
321921,Holy Mountain The Third (3rd) Nail,Belgian-Style Ales,Belgian Ale - Pale / Golden / Single
245567,De la Senne PinPon,Belgian-Style Ales,Belgian Ale - Pale / Golden / Single
682801,De Ranke Hop Harvest 2018,Belgian-Style Ales,Belgian Ale - Pale / Golden / Single
34978,Dieu du Ciel! Dernière Volonté,Belgian-Style Ales,Belgian Ale - Pale / Golden / Single
315462,Tartaruga Super Fresca,Belgian-Style Ales,Belgian Ale - Pale / Golden / Single
152425,Perennial Hommel Bier,Belgian-Style Ales,Belgian Ale - Pale / Golden / Single
583613,Sante Adairius / Casita Cerveceria Summer Sapling,Belgian-Style Ales,Belgian Ale - Pale / Golden / Single
409497,The Exchange Golden Ale,Belgian-Style Ales,Belgian Ale - Pale / Golden / Single
210422,Ommegang Fleur De Houblon,Belgian-Style Ales,Belgian Ale - Pale / Golden / Single
872272,De Dolle XL Pale Ale,Belgian-Style Ales,Belgian Ale - Pale / Golden / Single
367128,New Glarus R & D Golden Ale (2015),Belgian-Style Ales,Belgian Ale - Pale / Golden / Single
588188,Domaines Rouvinez / Brasserie {C} L'échappée,Belgian-Style Ales,Belgian Ale - Pale / Golden / Single
254397,Stillwater Babylonian Style Ale (Omnipollo Nebuchadnezzar Remix),Belgian-Style Ales,Belgian Ale - Pale / Golden / Single
48719,La Rulles Estivale,Belgian-Style Ales,Belgian Ale - Pale / Golden / Single
378877,pFriem Brett Brux Pale Ale,Belgian-Style Ales,Belgian Ale - Pale / Golden / Single
55794,Russian River Redemption (Batch 002+),Belgian-Style Ales,Belgian Ale - Pale / Golden / Single
443431,Wicked Weed Lunatic Blonde (Barrel Aged),Belgian-Style Ales,Belgian Ale - Pale / Golden / Single
412725,Nickel Brook Uncommon Element,Belgian-Style Ales,Belgian Ale - Pale / Golden / Single
126580,Extraomnes Blond,Belgian-Style Ales,Belgian Ale - Pale / Golden / Single
185810,Allagash House Beer,Belgian-Style Ales,Belgian Ale - Pale / Golden / Single
9183,De Ranke XX Bitter,Belgian-Style Ales,Belgian Ale - Pale / Golden / Single
165843,Dieu du Ciel! Wallonade,Belgian-Style Ales,Belgian Ale - Pale / Golden / Single
539064,'t Hoppegeluk Driope 6,Belgian-Style Ales,Belgian Ale - Pale / Golden / Single
449480,Allagash Hoppy Table Beer,Belgian-Style Ales,Belgian Ale - Pale / Golden / Single
537062,Goose Island Brasserie Blanc,Belgian-Style Ales,Belgian Ale - Pale / Golden / Single
652628,Oriel Blond Wild,Belgian-Style Ales,Belgian Ale - Pale / Golden / Single
92175,Leelanau Petoskey Pale Ale,Belgian-Style Ales,Belgian Ale - Pale / Golden / Single
321779,Bzart Session Triple,Belgian-Style Ales,Belgian Ale - Pale / Golden / Single
724873,The Kernel Foeder Beer Centennial Hallertau Tradition,Belgian-Style Ales,Belgian Ale - Pale / Golden / Single
257978,Evil Twin Beer Table Table Beer,Belgian-Style Ales,Belgian Ale - Pale / Golden / Single
283510,Cambridge Morning Dew,Belgian-Style Ales,Belgian Ale - Pale / Golden / Single
47621,Bullfrog Diabolique,Belgian-Style Ales,Belgian Ale - Pale / Golden / Single
357282,Jan Olbracht Rzemieślniczy Piotrek z Bagien Belgian Pale Ale,Belgian-Style Ales,Belgian Ale - Pale / Golden / Single
202024,HaandBryggeriet Belgisk Pale Ale,Belgian-Style Ales,Belgian Ale - Pale / Golden / Single
4935,Westvleteren  8 Extra,Belgian-Style Ales,Belgian Ale - Strong Dark
37835,Struise Pannepot (10%),Belgian-Style Ales,Belgian Ale - Strong Dark
70646,Struise Pannepot Reserva (Calvados BA),Belgian-Style Ales,Belgian Ale - Strong Dark
83305,Struise Pannepot Grand Reserva (Calvados),Belgian-Style Ales,Belgian Ale - Strong Dark
618319,Struise Pannepot Special Reserva (Bordeaux B.A.),Belgian-Style Ales,Belgian Ale - Strong Dark
5400,Trappistes Rochefort  8,Belgian-Style Ales,Belgian Ale - Strong Dark
832,Abbaye des Rocs Brune,Belgian-Style Ales,Belgian Ale - Strong Dark
84495,Dubuisson Bush de Nuits,Belgian-Style Ales,Belgian Ale - Strong Dark
115037,Mikkeller Nelson Sauvignon,Belgian-Style Ales,Belgian Ale - Strong Dark
53,Chimay Grande Réserve (Bleue / Blue),Belgian-Style Ales,Belgian Ale - Strong Dark
760144,Chimay Grande Réserve Vieillie En Barriques (2018) Whisky Edition,Belgian-Style Ales,Belgian Ale - Strong Dark
7684,Abbaye des Rocs Grand Cru,Belgian-Style Ales,Belgian Ale - Strong Dark
51703,5 Seasons North Quinte55ence,Belgian-Style Ales,Belgian Ale - Strong Dark
553102,Ommegang 20th Anniversary Ale,Belgian-Style Ales,Belgian Ale - Strong Dark
22463,Midnight Sun Monk's Mistress,Belgian-Style Ales,Belgian Ale - Strong Dark
84580,Iron Hill Wild Quadfather,Belgian-Style Ales,Belgian Ale - Strong Dark
491585,Cigar City / Struise Absolutely Okay,Belgian-Style Ales,Belgian Ale - Strong Dark
69525,Allagash Avancé,Belgian-Style Ales,Belgian Ale - Strong Dark
140855,Ommegang Adoration - Bourbon Barrel,Belgian-Style Ales,Belgian Ale - Strong Dark
834429,Chimay Grande Réserve Vieillie En Barriques (2020) Armagnac Edition,Belgian-Style Ales,Belgian Ale - Strong Dark
82224,Charlevoix Dominus Vobiscum Hibernus,Belgian-Style Ales,Belgian Ale - Strong Dark
240930,Winterkoninkske Grand Cru (American Oak Finish),Belgian-Style Ales,Belgian Ale - Strong Dark
40722,Abbaye des Rocs Triple Impériale,Belgian-Style Ales,Belgian Ale - Strong Dark
562727,Lost Abbey Dead Man's Game,Belgian-Style Ales,Belgian Ale - Strong Dark
507240,Het Anker Gouden Carolus Cuvée van de Keizer Whisky Infused,Belgian-Style Ales,Belgian Ale - Strong Dark
83527,Unibroue 17,Belgian-Style Ales,Belgian Ale - Strong Dark
632277,Avery Anniversary Twenty Five,Belgian-Style Ales,Belgian Ale - Strong Dark
29226,Malheur Dark Brut / Noir,Belgian-Style Ales,Belgian Ale - Strong Dark
6860,De Dolle Oerbier,Belgian-Style Ales,Belgian Ale - Strong Dark
2488,AleSmith Grand Cru,Belgian-Style Ales,Belgian Ale - Strong Dark
130303,Dieu du Ciel! Isseki Nicho (Pinot Noir),Belgian-Style Ales,Belgian Ale - Strong Dark
4637,Het Anker Gouden Carolus Classic,Belgian-Style Ales,Belgian Ale - Strong Dark
20539,Russian River Salvation,Belgian-Style Ales,Belgian Ale - Strong Dark
194246,Silver City Le Fat,Belgian-Style Ales,Belgian Ale - Strong Dark
867151,Ommegang / Alesmith Philosophy and Velocity: East Coast Edition,Belgian-Style Ales,Belgian Ale - Strong Dark
381922,Struise Pannepot Special Reserve (Chateau Margaux B.A.),Belgian-Style Ales,Belgian Ale - Strong Dark
18375,Het Anker Gouden Carolus Christmas/Noël,Belgian-Style Ales,Belgian Ale - Strong Dark
319670,Struise Pannepeut Reserva (Heaven & Hill B.A.),Belgian-Style Ales,Belgian Ale - Strong Dark
24084,Cambridge Benevolence,Belgian-Style Ales,Belgian Ale - Strong Dark
140219,De Dochter van de Korenaar Embrasse Oak Aged Blended (non peated),Belgian-Style Ales,Belgian Ale - Strong Dark
43262,Allagash Odyssey,Belgian-Style Ales,Belgian Ale - Strong Dark
86177,Struise Tsjeeses Reserva - Bourbon,Belgian-Style Ales,Belgian Ale - Strong Dark
79888,Maltus Faber Extra Brune,Belgian-Style Ales,Belgian Ale - Strong Dark
265792,Struise Pannepot Real Ale,Belgian-Style Ales,Belgian Ale - Strong Dark
227963,Zeven Zonden Invidia,Belgian-Style Ales,Belgian Ale - Strong Dark
829868,Struise Pannepot Reserva (Bourbon BA),Belgian-Style Ales,Belgian Ale - Strong Dark
3958,Gulden Draak,Belgian-Style Ales,Belgian Ale - Strong Dark
72830,Lost Abbey 10 Commandments,Belgian-Style Ales,Belgian Ale - Strong Dark
551890,BramBrass / Beer Prins Der Duisternis,Belgian-Style Ales,Belgian Ale - Strong Dark
496930,Chimay Grande Réserve Vieillie En Barriques (2017) Rum Edition,Belgian-Style Ales,Belgian Ale - Strong Dark
1090,Ayinger Celebrator Doppelbock,Lagers,Bock - Doppelbock
301969,Schloss Eggenberg Samichlaus Schwarzes,Lagers,Bock - Doppelbock
570990,Vrooden Ur-Bock Signature,Lagers,Bock - Doppelbock
671112,Hoppin' Frog Frogichlaus,Lagers,Bock - Doppelbock
1147,Andechser Doppelbock Dunkel,Lagers,Bock - Doppelbock
4025,Weltenburger Kloster Asam Bock,Lagers,Bock - Doppelbock
101134,Grand Teton Double Vision Doppelbock,Lagers,Bock - Doppelbock
7823,Weihenstephaner Korbinian,Lagers,Bock - Doppelbock
80784,Les Trois Mousquetaires Doppelbock,Lagers,Bock - Doppelbock
105689,The Duck-Rabbit Duck-Rabbator Dopplebock,Lagers,Bock - Doppelbock
250056,Tröegs Troegenator Doublebock - Bourbon,Lagers,Bock - Doppelbock
470642,Garage Project Dark Arts,Lagers,Bock - Doppelbock
242982,Schloss Eggenberg Samichlaus Classic Barrique,Lagers,Bock - Doppelbock
475038,Vrooden Ur-Bock,Lagers,Bock - Doppelbock
192537,Sun King Afternoon Delight,Lagers,Bock - Doppelbock
554103,Uiltje Apfelstrudel Doppelbock,Lagers,Bock - Doppelbock
703431,Hamburger Senatsbock Die Koffie un Koken Edition (2019),Lagers,Bock - Doppelbock
10585,Ettaler Curator Doppelbock,Lagers,Bock - Doppelbock
752091,Cigar City Confectionator,Lagers,Bock - Doppelbock
660411,De Molen / Poch’s Cliffhanger,Lagers,Bock - Doppelbock
235630,Jack's Abby Baby Maker,Lagers,Bock - Doppelbock
42972,Rupp-Bräu Dunkler Doppelbock,Lagers,Bock - Doppelbock
43014,Smuttynose Big Beer Series: S'muttonator,Lagers,Bock - Doppelbock
143545,Croce di Malto Due Mondi,Lagers,Bock - Doppelbock
864,Capital Autumnal Fire,Lagers,Bock - Doppelbock
182284,Wolverine State Wolverine Massacre Imperial Dark Lager,Lagers,Bock - Doppelbock
873849,Amager American Outlaws: Cherokee Bill,Lagers,Bock - Doppelbock
863,Capital Dark Doppelbock,Lagers,Bock - Doppelbock
203015,Perrin Black Goat,Lagers,Bock - Doppelbock
4559,Augustiner Maximator,Lagers,Bock - Doppelbock
727619,Lickinghole Creek German Chocolate Cake,Lagers,Bock - Doppelbock
771743,Kees Indian Summer Doppelbock (Speyside BA),Lagers,Bock - Doppelbock
34192,Prösslbräu Adlersberg Palmator Doppelbock,Lagers,Bock - Doppelbock
13152,Marthas Weathertop Doppelbock,Lagers,Bock - Doppelbock
785308,Graff Julebokk,Lagers,Bock - Doppelbock
2094,Spaten Optimator,Lagers,Bock - Doppelbock
461313,Vrooden Doppelbock,Lagers,Bock - Doppelbock
453199,Walhalla Heimdall,Lagers,Bock - Doppelbock
565382,Nøgne Ø Gjertruds Vintervarmer,Lagers,Bock - Doppelbock
527090,Mikkeller San Diego Tripper Bocker,Lagers,Bock - Doppelbock
13030,Vetters 33,Lagers,Bock - Doppelbock
30494,Hacker-Pschorr Animator,Lagers,Bock - Doppelbock
162292,Jack's Abby Saxonator Dunkles Doppelbock,Lagers,Bock - Doppelbock
37740,Avery The Kaiser Imperial Oktoberfest,Lagers,Bock - Doppelbock
132239,Duits & Lauret Houtgerijpte Rook Dubbelbock,Lagers,Bock - Doppelbock
2733,Sudwerk Doppel Bock Ultimator,Lagers,Bock - Doppelbock
573899,Karbach 017 Brandy You’re A Fine Girl,Lagers,Bock - Doppelbock
6245,Schloss Eggenberg Samichlaus Classic,Lagers,Bock - Doppelbock
33452,Hutthurmer Kulinator,Lagers,Bock - Doppelbock
567759,Against the Grain / Way My Way Or The Way Way (Stave It For Later),Lagers,Bock - Doppelbock
82225,Charlevoix Lupulus,Belgian-Style Ales,Belgian Ale - Strong Pale
29196,Dubuisson Bush Prestige,Belgian-Style Ales,Belgian Ale - Strong Pale
6862,De Dolle Stille Nacht,Belgian-Style Ales,Belgian Ale - Strong Pale
52853,Allagash Interlude,Belgian-Style Ales,Belgian Ale - Strong Pale
315140,Dubuisson Bush de Charmes,Belgian-Style Ales,Belgian Ale - Strong Pale
321270,Mikkeller Nelson Sauvignon Riesling Grape Ed.,Belgian-Style Ales,Belgian Ale - Strong Pale
24021,Southampton Grand Cru,Belgian-Style Ales,Belgian Ale - Strong Pale
286175,Allagash Evora,Belgian-Style Ales,Belgian Ale - Strong Pale
183904,Struise Tsjeeses Reserva - Port,Belgian-Style Ales,Belgian Ale - Strong Pale
685478,Raven Black Label #3 Champagne Strong Ale,Belgian-Style Ales,Belgian Ale - Strong Pale
746386,Charlevoix Brut,Belgian-Style Ales,Belgian Ale - Strong Pale
418212,Mikkeller Nelson Sauvignon Chardonnay Barrel Aged,Belgian-Style Ales,Belgian Ale - Strong Pale
36703,Jolly Pumpkin Oro de Calabaza,Belgian-Style Ales,Belgian Ale - Strong Pale
119383,Nebraska Reserve Series Melange A Trois,Belgian-Style Ales,Belgian Ale - Strong Pale
419833,Mikkeller Nelson Sauvin Brut Dry Hopped!,Belgian-Style Ales,Belgian Ale - Strong Pale
1434,Duvel,Belgian-Style Ales,Belgian Ale - Strong Pale
496011,Duvel Tripel Hop Citra,Belgian-Style Ales,Belgian Ale - Strong Pale
9115,Malheur Bière Brut / Reserve,Belgian-Style Ales,Belgian Ale - Strong Pale
65547,Upstream Grand Cru,Belgian-Style Ales,Belgian Ale - Strong Pale
718095,Ommegang Game of Thrones - For The Throne,Belgian-Style Ales,Belgian Ale - Strong Pale
1614,La Chouffe,Belgian-Style Ales,Belgian Ale - Strong Pale
13146,Russian River Damnation,Belgian-Style Ales,Belgian Ale - Strong Pale
622641,Spółdzielczy / Harpagan Lódolf Bourbon BA,Belgian-Style Ales,Belgian Ale - Strong Pale
10050,Trappist Achel 8 Blond,Belgian-Style Ales,Belgian Ale - Strong Pale
6861,De Dolle Boskeun,Belgian-Style Ales,Belgian Ale - Strong Pale
170628,Brewery Vivant Tree Bucket,Belgian-Style Ales,Belgian Ale - Strong Pale
6162,Moinette Blonde,Belgian-Style Ales,Belgian Ale - Strong Pale
562545,Ommegang Game of Thrones - Winter is Here,Belgian-Style Ales,Belgian Ale - Strong Pale
56532,Fantôme La Piétrain Ambrée,Belgian-Style Ales,Belgian Ale - Strong Pale
685237,À La Fût Cancan Western,Belgian-Style Ales,Belgian Ale - Strong Pale
563346,Unibroue 25e Blonde De l'Enfer,Belgian-Style Ales,Belgian Ale - Strong Pale
183768,Sawdust City The Princess & Girlpants Meets The O.D.B.,Belgian-Style Ales,Belgian Ale - Strong Pale
516859,Ommegang Game of Thrones - Bend the Knee,Belgian-Style Ales,Belgian Ale - Strong Pale
150941,Brooklyn Cuvée de la Crochet Rouge Rose,Belgian-Style Ales,Belgian Ale - Strong Pale
115390,Red Rock Paardebloem,Belgian-Style Ales,Belgian Ale - Strong Pale
344382,"Mikkeller 12"" Winale",Belgian-Style Ales,Belgian Ale - Strong Pale
136621,Ommegang / d'Achouffe Gnomegang,Belgian-Style Ales,Belgian Ale - Strong Pale
6877,De Dolle Lichtervelds Blond,Belgian-Style Ales,Belgian Ale - Strong Pale
104403,Broadway Vent d'Anges,Belgian-Style Ales,Belgian Ale - Strong Pale
525360,Duvel Barrel Aged (Bourbon),Belgian-Style Ales,Belgian Ale - Strong Pale
462001,Ommegang Gnomegeddon,Belgian-Style Ales,Belgian Ale - Strong Pale
18912,Deus Brut des Flandres,Belgian-Style Ales,Belgian Ale - Strong Pale
86944,Het Anker Gouden Carolus Cuvée Van De Keizer Imperial Blond (Rood Label),Belgian-Style Ales,Belgian Ale - Strong Pale
193519,pFriem Belgian Christmas Ale,Belgian-Style Ales,Belgian Ale - Strong Pale
12115,Stone 20th Anniversary Encore Series: 02.02.02 Vertical Epic Ale,Belgian-Style Ales,Belgian Ale - Strong Pale
754072,De Dolle Stille Nacht Reserva 2015,Belgian-Style Ales,Belgian Ale - Strong Pale
495496,Mikkeller San Diego Junius Brutus,Belgian-Style Ales,Belgian Ale - Strong Pale
87082,Lost Abbey Inferno Ale,Belgian-Style Ales,Belgian Ale - Strong Pale
6873,De Dolle Arabier,Belgian-Style Ales,Belgian Ale - Strong Pale
175909,Sierra Nevada Ovila Golden,Belgian-Style Ales,Belgian Ale - Strong Pale
169178,Hill Farmstead Biere de Norma,Belgian-Style Ales,Bière de Garde / de Mars / Brut
47030,Jolly Pumpkin Bière de Mars,Belgian-Style Ales,Bière de Garde / de Mars / Brut
59059,Leelanau Good Harbor Golden,Belgian-Style Ales,Bière de Garde / de Mars / Brut
350832,Casey Bière de Garde,Belgian-Style Ales,Bière de Garde / de Mars / Brut
407630,Tired Hands Fence Mender,Belgian-Style Ales,Bière de Garde / de Mars / Brut
432333,Sierra Nevada Trip in the Woods: Bière de Garde,Belgian-Style Ales,Bière de Garde / de Mars / Brut
535272,Ommegang Bigger and Bretter,Belgian-Style Ales,Bière de Garde / de Mars / Brut
141935,Hill Farmstead Biere de Mars,Belgian-Style Ales,Bière de Garde / de Mars / Brut
317511,Jester King Reposé,Belgian-Style Ales,Bière de Garde / de Mars / Brut
464395,Sierra Nevada Barrel Aged Biere De Garde,Belgian-Style Ales,Bière de Garde / de Mars / Brut
165918,Black Raven Raven De Brett,Belgian-Style Ales,Bière de Garde / de Mars / Brut
27627,Dupont La Bière de Beloeil,Belgian-Style Ales,Bière de Garde / de Mars / Brut
503031,Palatum / Szałpiw Béatrice,Belgian-Style Ales,Bière de Garde / de Mars / Brut
418382,Cloudwater / Burning Sky Old Garde (Red Wine Barrel Aged),Belgian-Style Ales,Bière de Garde / de Mars / Brut
248933,Sante Adairius Winter Garde,Belgian-Style Ales,Bière de Garde / de Mars / Brut
35285,Russian River Perdition,Belgian-Style Ales,Bière de Garde / de Mars / Brut
522787,Wunderkammer Red Fort,Belgian-Style Ales,Bière de Garde / de Mars / Brut
378931,Right Proper Baron Corvo,Belgian-Style Ales,Bière de Garde / de Mars / Brut
263923,De Garde Biere de Garde (Port Barrel),Belgian-Style Ales,Bière de Garde / de Mars / Brut
122253,Ladyface Dérailleur,Belgian-Style Ales,Bière de Garde / de Mars / Brut
370420,Little Fish Barrel-Aged Woodthrush,Belgian-Style Ales,Bière de Garde / de Mars / Brut
146185,Stillwater / Brewer's Art Débutante,Belgian-Style Ales,Bière de Garde / de Mars / Brut
59580,Lost Abbey Avant Garde Ale,Belgian-Style Ales,Bière de Garde / de Mars / Brut
91002,Bières23 Bière de Mars,Belgian-Style Ales,Bière de Garde / de Mars / Brut
406626,Jester King / Arizona Wilderness Brewing Buford's Roadside Wares,Belgian-Style Ales,Bière de Garde / de Mars / Brut
9285,Au Baron Cuvée des Jonquilles,Belgian-Style Ales,Bière de Garde / de Mars / Brut
686650,Nevel Sintel,Belgian-Style Ales,Bière de Garde / de Mars / Brut
303890,Sawdust City Le Chandail de Skokie,Belgian-Style Ales,Bière de Garde / de Mars / Brut
416787,Two Brothers A Bretter Day,Belgian-Style Ales,Bière de Garde / de Mars / Brut
455539,Bell's Tawny Port Le Pianiste,Belgian-Style Ales,Bière de Garde / de Mars / Brut
93685,Lightning Electrostatic Ale,Belgian-Style Ales,Bière de Garde / de Mars / Brut
575319,Emma Kuckucksrot Sonderedition 2017,Belgian-Style Ales,Bière de Garde / de Mars / Brut
226817,Akim T Préambule,Belgian-Style Ales,Bière de Garde / de Mars / Brut
73994,Iron Hill Biere de Mars,Belgian-Style Ales,Bière de Garde / de Mars / Brut
348231,Little Fish Woodthrush,Belgian-Style Ales,Bière de Garde / de Mars / Brut
430334,Whiner Rubrique-a-Brac,Belgian-Style Ales,Bière de Garde / de Mars / Brut
760573,Le Castor Bière de Garde,Belgian-Style Ales,Bière de Garde / de Mars / Brut
604083,Siren / Naparbier Dios De La Guerra,Belgian-Style Ales,Bière de Garde / de Mars / Brut
302920,Smuttynose Smistletoe,Belgian-Style Ales,Bière de Garde / de Mars / Brut
337381,Smuttynose Smuttlabs Biere de Shire,Belgian-Style Ales,Bière de Garde / de Mars / Brut
400451,Scratch Black Trumpet Bière de Mars,Belgian-Style Ales,Bière de Garde / de Mars / Brut
390937,Creature Comforts Biere de Garde with Booger Hill Honey,Belgian-Style Ales,Bière de Garde / de Mars / Brut
581943,Crooked Stave Bière de Garde,Belgian-Style Ales,Bière de Garde / de Mars / Brut
122793,Anosteké Blonde,Belgian-Style Ales,Bière de Garde / de Mars / Brut
581057,Suarez Family General Store,Belgian-Style Ales,Bière de Garde / de Mars / Brut
78176,Schlafly Bière de Garde,Belgian-Style Ales,Bière de Garde / de Mars / Brut
507355,Arizona Wilderness / Jester King The Stuffing,Belgian-Style Ales,Bière de Garde / de Mars / Brut
104558,Bullfrog French Kiss,Belgian-Style Ales,Bière de Garde / de Mars / Brut
289586,Jolly Pumpkin French Ale 408,Belgian-Style Ales,Bière de Garde / de Mars / Brut
121951,Bell's Le Contrebassiste,Belgian-Style Ales,Bière de Garde / de Mars / Brut
615385,Ommegang Double Barrel Dubbel,Belgian-Style Ales,Dubbel
2531,St. Bernardus Prior 8,Belgian-Style Ales,Dubbel
2205,Westmalle Dubbel,Belgian-Style Ales,Dubbel
3022,Ommegang Abbey Ale,Belgian-Style Ales,Dubbel
1921,Unibroue Maudite,Belgian-Style Ales,Dubbel
59975,Charlevoix Dominus Vobiscum Double,Belgian-Style Ales,Dubbel
51,Chimay Brune / Bruin (Rouge / Red),Belgian-Style Ales,Dubbel
156037,Dogfish Head URKontinent,Belgian-Style Ales,Dubbel
109070,Bell's Hell Hath No Fury - Bourbon Barrel,Belgian-Style Ales,Dubbel
133921,Ommegang Abbey Ale - Bourbon Barrel,Belgian-Style Ales,Dubbel
69549,5 Seasons North Black Beauty,Belgian-Style Ales,Dubbel
61110,Lost Abbey Lost and Found,Belgian-Style Ales,Dubbel
265444,Ommegang Game of Thrones - Valar Morghulis,Belgian-Style Ales,Dubbel
24619,Goose Island Pere Jacques,Belgian-Style Ales,Dubbel
40930,Bell's Hell Hath No Fury,Belgian-Style Ales,Dubbel
994,Corsendonk Pater / Abbey Brown Ale,Belgian-Style Ales,Dubbel
240492,Brouhaha Double de Bonsecours (Brandy),Belgian-Style Ales,Dubbel
213958,New Glarus Anniversary Strong Ale,Belgian-Style Ales,Dubbel
596070,La Trappe Dubbel Special Edition 2018,Belgian-Style Ales,Dubbel
288908,Ommegang Upside Brown,Belgian-Style Ales,Dubbel
52986,Vicaris Generaal,Belgian-Style Ales,Dubbel
534498,Corsendonk Dark Dubbel,Belgian-Style Ales,Dubbel
151166,Vintage Apple Brandy Barrel-Aged Dedication,Belgian-Style Ales,Dubbel
2529,St. Bernardus Pater 6,Belgian-Style Ales,Dubbel
4563,La Trappe Dubbel,Belgian-Style Ales,Dubbel
300564,Trois Dames / Sixpoint Jalapenos Raspberry Double,Belgian-Style Ales,Dubbel
549948,Nøgne Ø Twin Otter,Belgian-Style Ales,Dubbel
134622,Bøgedal Nr. 0221 Mørk #6,Belgian-Style Ales,Dubbel
285006,Tröegs Jovial,Belgian-Style Ales,Dubbel
349078,Rockingham Cloven Hoof,Belgian-Style Ales,Dubbel
2405,St-Feuillien Brune,Belgian-Style Ales,Dubbel
59649,Captain Lawrence St. Vincents Dubbel,Belgian-Style Ales,Dubbel
141010,Sierra Nevada Ovila Dubbel,Belgian-Style Ales,Dubbel
234823,Arizona Wilderness Aravaipa Abbey Dubbel,Belgian-Style Ales,Dubbel
6161,Moinette Brune,Belgian-Style Ales,Dubbel
54332,Russian River Benediction,Belgian-Style Ales,Dubbel
501788,Side Project Trail Dubbel,Belgian-Style Ales,Dubbel
9805,Grottenbier Bruin,Belgian-Style Ales,Dubbel
3062,Allagash Dubbel Reserve,Belgian-Style Ales,Dubbel
2526,Maredsous  8 Brune / Bruin,Belgian-Style Ales,Dubbel
214886,Sierra Nevada Double Dubbel,Belgian-Style Ales,Dubbel
241388,Charlevoix Dominus Vobiscum Double (Zinfandel),Belgian-Style Ales,Dubbel
461316,MonsRegius Crepuscula,Belgian-Style Ales,Dubbel
225841,Tuatara Dubbel Barrel,Belgian-Style Ales,Dubbel
15124,Dieu du Ciel! Rigor Mortis Double,Belgian-Style Ales,Dubbel
33333,Galbraith's Resurrection,Belgian-Style Ales,Dubbel
320474,Ale Asylum Diablo Belga,Belgian-Style Ales,Dubbel
91011,Maltus Faber Brune,Belgian-Style Ales,Dubbel
7706,Anderson Valley Brother David's Double Abbey-Style Ale,Belgian-Style Ales,Dubbel
204924,Cherry Street Dylan's Dubbel,Belgian-Style Ales,Dubbel
4934,Westvleteren 12 XII,Belgian-Style Ales,Quadrupel / Abt
2360,Trappistes Rochefort 10,Belgian-Style Ales,Quadrupel / Abt
462142,Szałpiw Buba Extreme Jack Daniels BA,Belgian-Style Ales,Quadrupel / Abt
2530,St. Bernardus Abt 12,Belgian-Style Ales,Quadrupel / Abt
457161,Szałpiw Buba Extreme Cognac BA,Belgian-Style Ales,Quadrupel / Abt
133381,Firestone Walker Stickee Monkee,Belgian-Style Ales,Quadrupel / Abt
6170,Het Anker Gouden Carolus Cuvée Van De Keizer Imperial Dark (Blauw Label),Belgian-Style Ales,Quadrupel / Abt
457162,Szałpiw Buba Extreme Calvados BA,Belgian-Style Ales,Quadrupel / Abt
782590,Jan Olbracht Rzemieslniczy Kord Whiskey BA Wild,Belgian-Style Ales,Quadrupel / Abt
182892,Lost Abbey Box Set: Track #8 (Number of the Beast),Belgian-Style Ales,Quadrupel / Abt
398972,Jan Olbracht Rzemieślniczy Kord Red Wine Barrel Aged,Belgian-Style Ales,Quadrupel / Abt
425906,Jan Olbracht Rzemieślniczy Kord Whiskey Barrel Aged,Belgian-Style Ales,Quadrupel / Abt
701005,Nøgne Ø / Mallaskosken / Põhjala Belgian Triangle Whiskey Barrel,Belgian-Style Ales,Quadrupel / Abt
589612,Buxton Quadrupel Barrel Aged,Belgian-Style Ales,Quadrupel / Abt
1926,Unibroue Trois Pistoles,Belgian-Style Ales,Quadrupel / Abt
65376,Struise Pannepøt - Old Monk's Ale - Pannepeut,Belgian-Style Ales,Quadrupel / Abt
491579,Struise Rio Reserva (St Emilion Wine + Kentucky Bourbon B.A.),Belgian-Style Ales,Quadrupel / Abt
18983,Trappist Achel Extra Bruin (de 3 Wijzen),Belgian-Style Ales,Quadrupel / Abt
197001,AleSmith Quad,Belgian-Style Ales,Quadrupel / Abt
870198,Jan Olbracht Rzemieslniczy Kord Red Wine Pinot Noir Barrel Aged,Belgian-Style Ales,Quadrupel / Abt
472895,Hertog Jan Grand Prestige Vatgerijpt - Goose Island,Belgian-Style Ales,Quadrupel / Abt
13815,Unibroue Terrible,Belgian-Style Ales,Quadrupel / Abt
827609,Nøgne Ø Flotsam,Belgian-Style Ales,Quadrupel / Abt
302487,St. Bernardus Abt 12 Oak Aged,Belgian-Style Ales,Quadrupel / Abt
119174,Struise St. Amatus - Oostvleteren 12,Belgian-Style Ales,Quadrupel / Abt
236176,Hair of the Dog Pannepooch Reserva,Belgian-Style Ales,Quadrupel / Abt
191622,Hair of the Dog Pannepeuch,Belgian-Style Ales,Quadrupel / Abt
401519,Struise Blue Monk Special Reserve (Bottled),Belgian-Style Ales,Quadrupel / Abt
296637,Nøgne Ø Quadrupel (Red Wine Barrel Edition),Belgian-Style Ales,Quadrupel / Abt
65814,St. Bernardus Christmas Ale,Belgian-Style Ales,Quadrupel / Abt
705507,La Trappe Quadrupel Oak Aged Batch #33,Belgian-Style Ales,Quadrupel / Abt
796897,St-Feuillien Quadruple,Belgian-Style Ales,Quadrupel / Abt
195020,Jackie O's Skipping Stone - Bourbon Barrel,Belgian-Style Ales,Quadrupel / Abt
511553,Voodoo The Quadfather - Bourbon,Belgian-Style Ales,Quadrupel / Abt
506280,Hertog Jan Grand Prestige Vatgerijpt - Bourbon,Belgian-Style Ales,Quadrupel / Abt
398630,Mikkeller Raspberry Quadrupel Brandy BA,Belgian-Style Ales,Quadrupel / Abt
130335,De Halve Maan Straffe Hendrik Brugs Quadrupel,Belgian-Style Ales,Quadrupel / Abt
4565,La Trappe Quadrupel,Belgian-Style Ales,Quadrupel / Abt
43288,Iron Hill Oak Aged Quad,Belgian-Style Ales,Quadrupel / Abt
64627,Lost Abbey Judgment Day,Belgian-Style Ales,Quadrupel / Abt
16689,Dieu du Ciel! Rigor Mortis Abt,Belgian-Style Ales,Quadrupel / Abt
487988,Adroit Theory All I See Is Carrion,Belgian-Style Ales,Quadrupel / Abt
377517,Szałpiw Fest Buba,Belgian-Style Ales,Quadrupel / Abt
71739,Boulevard Bourbon Barrel Quad,Belgian-Style Ales,Quadrupel / Abt
827610,Nøgne Ø Jetsam,Belgian-Style Ales,Quadrupel / Abt
474624,La Trappe Quadrupel Oak Aged Batch #26,Belgian-Style Ales,Quadrupel / Abt
686511,Struise XXXX Quadrupel Reserva (Bourbon Barrel Aged),Belgian-Style Ales,Quadrupel / Abt
375909,Struise XXX Rye Quad Reserva (Bourbon Barrel Aged),Belgian-Style Ales,Quadrupel / Abt
206108,Hair of the Dog Pannepooch,Belgian-Style Ales,Quadrupel / Abt
263629,Deschutes Not The Stoic,Belgian-Style Ales,Quadrupel / Abt
235356,Sante Adairius Farmhouse Noir,Belgian-Style Ales,Saison / Farmhouse - Dark
339588,Firestone Walker La Piccola Pepe di Sichuan,Belgian-Style Ales,Saison / Farmhouse - Dark
176606,Upright Sole Composition: Single Cask Six,Belgian-Style Ales,Saison / Farmhouse - Dark
209393,Hill Farmstead Edith (2013-),Belgian-Style Ales,Saison / Farmhouse - Dark
263472,Jolly Pumpkin Saison Z,Belgian-Style Ales,Saison / Farmhouse - Dark
107120,Dieu du Ciel! Isseki Nicho,Belgian-Style Ales,Saison / Farmhouse - Dark
276423,Rockmill Cask Aged Noir,Belgian-Style Ales,Saison / Farmhouse - Dark
395338,Side Project Noir du Fermier,Belgian-Style Ales,Saison / Farmhouse - Dark
223867,Jackie O's Cabernet Barrel Aberrance,Belgian-Style Ales,Saison / Farmhouse - Dark
216985,Tired Hands Guillemot,Belgian-Style Ales,Saison / Farmhouse - Dark
154968,Tamamura-Honten Yamabushi Saison 2: Saison Noir Aged in Oak Barrels,Belgian-Style Ales,Saison / Farmhouse - Dark
307072,Sante Adairius Always in Death,Belgian-Style Ales,Saison / Farmhouse - Dark
252185,Rockmill Saison Noir,Belgian-Style Ales,Saison / Farmhouse - Dark
122341,Block 15 La Ferme' de Demons,Belgian-Style Ales,Saison / Farmhouse - Dark
350313,Firestone Walker La Piccola Virtuosa,Belgian-Style Ales,Saison / Farmhouse - Dark
11002,Fantôme de Noël,Belgian-Style Ales,Saison / Farmhouse - Dark
10958,Fantôme La Dalmatienne (Dark),Belgian-Style Ales,Saison / Farmhouse - Dark
594328,Burning Sky Vintage Monolith,Belgian-Style Ales,Saison / Farmhouse - Dark
166512,Funkwerks Dark Prøphet,Belgian-Style Ales,Saison / Farmhouse - Dark
322295,Ommegang Game of Thrones - Three-Eyed Raven,Belgian-Style Ales,Saison / Farmhouse - Dark
253716,Gigantic Too Much Coffee Man,Belgian-Style Ales,Saison / Farmhouse - Dark
205793,Prairie Funky Galaxy,Belgian-Style Ales,Saison / Farmhouse - Dark
180629,Tired Hands Undertow,Belgian-Style Ales,Saison / Farmhouse - Dark
133812,Goose Island Sour Goose,Belgian-Style Ales,Saison / Farmhouse - Dark
175571,Tired Hands Thesaurus,Belgian-Style Ales,Saison / Farmhouse - Dark
284190,Monkish Hem & Haw,Belgian-Style Ales,Saison / Farmhouse - Dark
183931,Upright Sole Composition: Yusef Lateef,Belgian-Style Ales,Saison / Farmhouse - Dark
389203,Prairie Ape Snake,Belgian-Style Ales,Saison / Farmhouse - Dark
551095,Siphon Cendre,Belgian-Style Ales,Saison / Farmhouse - Dark
727996,Jolly Pumpkin / Jester King Citrus Commander,Belgian-Style Ales,Saison / Farmhouse - Dark
227848,Arbor / Art Brew Down Deeperest,Belgian-Style Ales,Saison / Farmhouse - Dark
173412,Gigantic The City Never Sleeps,Belgian-Style Ales,Saison / Farmhouse - Dark
292517,Weird Beard / IMBC Hacienda,Belgian-Style Ales,Saison / Farmhouse - Dark
175134,Jolly Pumpkin De Viento,Belgian-Style Ales,Saison / Farmhouse - Dark
134038,Stillwater Existent,Belgian-Style Ales,Saison / Farmhouse - Dark
131348,Cigar City Sea Bass,Belgian-Style Ales,Saison / Farmhouse - Dark
123470,Tamamura-Honten Yamabushi Saison 2: Saison Noir,Belgian-Style Ales,Saison / Farmhouse - Dark
177948,Shiga Kogen Isseki Nicho,Belgian-Style Ales,Saison / Farmhouse - Dark
236033,Stronzo Saison Noir,Belgian-Style Ales,Saison / Farmhouse - Dark
388842,Le Castor Dark Farmhouse,Belgian-Style Ales,Saison / Farmhouse - Dark
827614,Struise Sargasso,Belgian-Style Ales,Saison / Farmhouse - Dark
129705,Stillwater A Saison Darkly,Belgian-Style Ales,Saison / Farmhouse - Dark
282549,Trinity You Never Even Call Me By My Name,Belgian-Style Ales,Saison / Farmhouse - Dark
376409,Blackberry Farm Winter Saison,Belgian-Style Ales,Saison / Farmhouse - Dark
118938,Goose Island Pepe Nero,Belgian-Style Ales,Saison / Farmhouse - Dark
101588,Bullfrog Magic Beans,Belgian-Style Ales,Saison / Farmhouse - Dark
321927,Green Bench Webb's City Cellar Series: Famous Flying Zacchinis,Belgian-Style Ales,Saison / Farmhouse - Dark
234716,Partizan Saison Black Saaz,Belgian-Style Ales,Saison / Farmhouse - Dark
77543,Jolly Pumpkin Bam Noire,Belgian-Style Ales,Saison / Farmhouse - Dark
321687,Weird Beard / IMBC Hacienda (Bourbon Barrel),Belgian-Style Ales,Saison / Farmhouse - Dark
335505,Side Project Framboise du Fermier,Belgian-Style Ales,Saison / Farmhouse - Flavored
456094,Hill Farmstead Clover,Belgian-Style Ales,Saison / Farmhouse - Flavored
727885,Bokke Abrighost,Belgian-Style Ales,Saison / Farmhouse - Flavored
332319,Hill Farmstead Flora - Plum,Belgian-Style Ales,Saison / Farmhouse - Flavored
380915,Hill Farmstead Flora - Blueberry/Black Currant/Raspberry,Belgian-Style Ales,Saison / Farmhouse - Flavored
289378,Side Project Abricot du Fermier,Belgian-Style Ales,Saison / Farmhouse - Flavored
183623,Sante Adairius West Ashley,Belgian-Style Ales,Saison / Farmhouse - Flavored
495153,Hill Farmstead Flora - Cherry/Raspberry,Belgian-Style Ales,Saison / Farmhouse - Flavored
213358,Grassroots Brother Soigné,Belgian-Style Ales,Saison / Farmhouse - Flavored
544281,Sante Adairius Family Whistle,Belgian-Style Ales,Saison / Farmhouse - Flavored
259969,Sante Adairius Cask Strawberry,Belgian-Style Ales,Saison / Farmhouse - Flavored
372362,Tired Hands Sticky Drippy Crystals,Belgian-Style Ales,Saison / Farmhouse - Flavored
666432,Sante Adairius A Thousand Summers,Belgian-Style Ales,Saison / Farmhouse - Flavored
706616,Hill Farmstead Samuel,Belgian-Style Ales,Saison / Farmhouse - Flavored
146193,Anchorage Love Buzz Saison,Belgian-Style Ales,Saison / Farmhouse - Flavored
269425,Hill Farmstead Flora - Blueberry,Belgian-Style Ales,Saison / Farmhouse - Flavored
455291,Hill Farmstead Flora - Peaches and Pears,Belgian-Style Ales,Saison / Farmhouse - Flavored
526371,Suarez Family Backroads,Belgian-Style Ales,Saison / Farmhouse - Flavored
337680,Hill Farmstead Flora - Cherry,Belgian-Style Ales,Saison / Farmhouse - Flavored
274059,Forest & Main Paradisaea,Belgian-Style Ales,Saison / Farmhouse - Flavored
314588,Sante Adairius Fruit Punch #1,Belgian-Style Ales,Saison / Farmhouse - Flavored
443666,Monkish Same Tree,Belgian-Style Ales,Saison / Farmhouse - Flavored
212664,Dunham Saison Réserve,Belgian-Style Ales,Saison / Farmhouse - Flavored
647002,Equilibrium Austin - Boysenberry,Belgian-Style Ales,Saison / Farmhouse - Flavored
463793,De Garde Petit Peche,Belgian-Style Ales,Saison / Farmhouse - Flavored
202274,Grassroots Convivial Suarez,Belgian-Style Ales,Saison / Farmhouse - Flavored
125365,Upright Sole Composition: Rose City Seven,Belgian-Style Ales,Saison / Farmhouse - Flavored
256653,Upright Anniversary Saison,Belgian-Style Ales,Saison / Farmhouse - Flavored
346689,Side Project Rosé du Blé,Belgian-Style Ales,Saison / Farmhouse - Flavored
599700,Hill Farmstead Flora - Pear,Belgian-Style Ales,Saison / Farmhouse - Flavored
221826,Upright Sole Composition: Saison du Blodget,Belgian-Style Ales,Saison / Farmhouse - Flavored
517906,Side Project Kriek du Fermier,Belgian-Style Ales,Saison / Farmhouse - Flavored
411565,Casey Family Preserves: Triple Crown Blackberry,Belgian-Style Ales,Saison / Farmhouse - Flavored
588711,Hill Farmstead Flora - Blueberry/Black Currant/Raspberry/Cherry,Belgian-Style Ales,Saison / Farmhouse - Flavored
445059,Casey Family Preserves: Apricot,Belgian-Style Ales,Saison / Farmhouse - Flavored
273020,Hill Farmstead / Kissmeyer / Cambridge Nordic Saison,Belgian-Style Ales,Saison / Farmhouse - Flavored
403783,Tired Hands Rustic Pentagram,Belgian-Style Ales,Saison / Farmhouse - Flavored
358918,Casey Family Preserves: Balaton Cherry,Belgian-Style Ales,Saison / Farmhouse - Flavored
303151,Casey East Bank,Belgian-Style Ales,Saison / Farmhouse - Flavored
308361,Casey Fruit Stand Farmhouse Ale - Amber/Italian Plum,Belgian-Style Ales,Saison / Farmhouse - Flavored
447510,De Garde Dame Rouge,Belgian-Style Ales,Saison / Farmhouse - Flavored
285441,Casey Fruit Stand Farmhouse Ale - Sweet Hedelfingen Cherry,Belgian-Style Ales,Saison / Farmhouse - Flavored
291235,Casey Fruit Stand Farmhouse Ale - Apricot,Belgian-Style Ales,Saison / Farmhouse - Flavored
231934,Crooked Stave Zeke's Belly Up Citrus Surette,Belgian-Style Ales,Saison / Farmhouse - Flavored
285443,Casey Fruit Stand Farmhouse Ale - Peach,Belgian-Style Ales,Saison / Farmhouse - Flavored
474289,Tired Hands Enhanced Sincerity,Belgian-Style Ales,Saison / Farmhouse - Flavored
291249,Casey Fruit Stand Farmhouse Ale - Plum,Belgian-Style Ales,Saison / Farmhouse - Flavored
495363,Suarez Family Call to Mind,Belgian-Style Ales,Saison / Farmhouse - Flavored
590887,Alefarm Soft Fuzz,Belgian-Style Ales,Saison / Farmhouse - Flavored
372566,Casey Fruit Stand Farmhouse Ale - Nectarine,Belgian-Style Ales,Saison / Farmhouse - Flavored
175070,Hill Farmstead Ann,Belgian-Style Ales,Saison / Farmhouse / Grisette
432044,Hill Farmstead Dorothy - Wine Barrel Aged,Belgian-Style Ales,Saison / Farmhouse / Grisette
495161,Hill Farmstead Arthur Puncheon,Belgian-Style Ales,Saison / Farmhouse / Grisette
175165,Sante Adairius Saison Bernice,Belgian-Style Ales,Saison / Farmhouse / Grisette
138459,Hill Farmstead Art,Belgian-Style Ales,Saison / Farmhouse / Grisette
348033,Sante Adairius To The Choir,Belgian-Style Ales,Saison / Farmhouse / Grisette
131008,Hill Farmstead Flora,Belgian-Style Ales,Saison / Farmhouse / Grisette
433661,Side Project Oude du Blé,Belgian-Style Ales,Saison / Farmhouse / Grisette
433664,Side Project Saison du Fermier - Pinot Noir Puncheons,Belgian-Style Ales,Saison / Farmhouse / Grisette
197378,Tired Hands HandFarm,Belgian-Style Ales,Saison / Farmhouse / Grisette
135758,Hill Farmstead Anna,Belgian-Style Ales,Saison / Farmhouse / Grisette
131594,Hill Farmstead Arthur,Belgian-Style Ales,Saison / Farmhouse / Grisette
303155,Casey Brett Loves Citra,Belgian-Style Ales,Saison / Farmhouse / Grisette
251432,Sante Adairius / Triple Rock Cellarman Barrel-Aged Saison,Belgian-Style Ales,Saison / Farmhouse / Grisette
236577,Side Project Saison du Blé,Belgian-Style Ales,Saison / Farmhouse / Grisette
267864,Sante Adairius Nonna's Blend #6,Belgian-Style Ales,Saison / Farmhouse / Grisette
321875,Hill Farmstead Dorothy (2015-),Belgian-Style Ales,Saison / Farmhouse / Grisette
505092,Bokke Zomersaison,Belgian-Style Ales,Saison / Farmhouse / Grisette
483193,Sante Adairius Recency Effect,Belgian-Style Ales,Saison / Farmhouse / Grisette
221903,Upright Flora Rustica (Barrel Aged),Belgian-Style Ales,Saison / Farmhouse / Grisette
224904,Side Project Saison du Fermier,Belgian-Style Ales,Saison / Farmhouse / Grisette
361776,Sante Adairius Nonna's Blend #9,Belgian-Style Ales,Saison / Farmhouse / Grisette
522776,Suarez Family 100 Ft North Vintage,Belgian-Style Ales,Saison / Farmhouse / Grisette
292833,Dunham Saison du Pinacle Réserve,Belgian-Style Ales,Saison / Farmhouse / Grisette
756586,Hill Farmstead Civil Disobedience (Release 26),Belgian-Style Ales,Saison / Farmhouse / Grisette
61449,Boulevard Saison Brett,Belgian-Style Ales,Saison / Farmhouse / Grisette
474630,Suarez Family 100 Ft North,Belgian-Style Ales,Saison / Farmhouse / Grisette
279815,Sante Adairius Lady In Grey,Belgian-Style Ales,Saison / Farmhouse / Grisette
362178,Hill Farmstead Table Dorothy,Belgian-Style Ales,Saison / Farmhouse / Grisette
241347,Forest & Main Moeder Seizoen,Belgian-Style Ales,Saison / Farmhouse / Grisette
313583,Allagash Century Ale,Belgian-Style Ales,Saison / Farmhouse / Grisette
224892,Sante Adairius Cask 200,Belgian-Style Ales,Saison / Farmhouse / Grisette
136694,Le Trou du Diable Dulcis Succubus,Belgian-Style Ales,Saison / Farmhouse / Grisette
626634,Sante Adairius / Side Project Matrices,Belgian-Style Ales,Saison / Farmhouse / Grisette
756804,Hill Farmstead Anna - Motueka,Belgian-Style Ales,Saison / Farmhouse / Grisette
664681,Hill Farmstead Florence Puncheon,Belgian-Style Ales,Saison / Farmhouse / Grisette
472265,Side Project Saison du Fermier - Missouri Oak Foedres,Belgian-Style Ales,Saison / Farmhouse / Grisette
495506,Sante Adairius Foudre #2,Belgian-Style Ales,Saison / Farmhouse / Grisette
454750,Casey Funky Blender,Belgian-Style Ales,Saison / Farmhouse / Grisette
544282,Sante Adairius Wondermutt,Belgian-Style Ales,Saison / Farmhouse / Grisette
495364,Suarez Family Big Night,Belgian-Style Ales,Saison / Farmhouse / Grisette
372558,Tired Hands Ourison,Belgian-Style Ales,Saison / Farmhouse / Grisette
418082,Casey Dry Hop Saison - Cascade,Belgian-Style Ales,Saison / Farmhouse / Grisette
252225,Tired Hands Shambolic,Belgian-Style Ales,Saison / Farmhouse / Grisette
126088,Hill Farmstead Florence,Belgian-Style Ales,Saison / Farmhouse / Grisette
344666,Prairie Brett C.,Belgian-Style Ales,Saison / Farmhouse / Grisette
493721,Holy Mountain The Gray Tower (Blend #3),Belgian-Style Ales,Saison / Farmhouse / Grisette
371656,Beyond the Pale Saison Tropicale,Belgian-Style Ales,Saison / Farmhouse / Grisette
809434,Hill Farmstead Self-Reliance: Motueka,Belgian-Style Ales,Saison / Farmhouse / Grisette
170791,Forest & Main Lunaire,Belgian-Style Ales,Saison / Farmhouse / Grisette
837723,Le Trou du Diable La Buteuse Brassin Spécial (Calvados),Belgian-Style Ales,Tripel
5368,Tripel Karmeliet,Belgian-Style Ales,Tripel
11047,Dupont Avec les Bons Voeux,Belgian-Style Ales,Tripel
3063,Allagash Tripel Reserve,Belgian-Style Ales,Tripel
74510,Russian River Damnation Batch 23/46/69 (Oak Aged),Belgian-Style Ales,Tripel
155352,Anchorage The Tide and Its Takers Triple,Belgian-Style Ales,Tripel
6875,De Dolle Dulle Teve 10º (Mad Bitch),Belgian-Style Ales,Tripel
123975,Dieu du Ciel! Herbe à Détourne,Belgian-Style Ales,Tripel
2204,Westmalle Tripel,Belgian-Style Ales,Tripel
863099,Trappistes Rochefort Triple Extra,Belgian-Style Ales,Tripel
1094,Unibroue La Fin du Monde,Belgian-Style Ales,Tripel
223711,De la Senne Tripel Verschueren,Belgian-Style Ales,Tripel
52,Chimay Triple (Blanche / White),Belgian-Style Ales,Tripel
2528,St. Bernardus Tripel,Belgian-Style Ales,Tripel
422735,Vox Populi Anna,Belgian-Style Ales,Tripel
38037,Allagash Curieux,Belgian-Style Ales,Tripel
15154,Charlevoix 8e Jour,Belgian-Style Ales,Tripel
135870,Trappist Achel Blond Extra,Belgian-Style Ales,Tripel
12799,Het Anker Gouden Carolus Tripel,Belgian-Style Ales,Tripel
625268,De Gijzelse Microbrouwerij 't Gijzelaarke Tripel,Belgian-Style Ales,Tripel
460188,Vox Populi Anna - Simcoe,Belgian-Style Ales,Tripel
435166,Ommegang Game of Thrones - Valar Dohaeris,Belgian-Style Ales,Tripel
27985,Tripel de Garre,Belgian-Style Ales,Tripel
554053,Faktoria Attila,Belgian-Style Ales,Tripel
26564,Charlevoix Dominus Vobiscum Triple,Belgian-Style Ales,Tripel
213679,Du Lac Saint-Jean Tante Tricotante (Chardonnay),Belgian-Style Ales,Tripel
59197,Le Trou du Diable La Buteuse,Belgian-Style Ales,Tripel
118026,Ommegang Tripel Perfection,Belgian-Style Ales,Tripel
2406,St-Feuillien Triple,Belgian-Style Ales,Tripel
616656,Vox Populi Anna Assemblage,Belgian-Style Ales,Tripel
408803,Trzech Kumpli / Piwne Podziemie Tripadelic,Belgian-Style Ales,Tripel
22240,Midnight Sun Panty Peeler,Belgian-Style Ales,Tripel
193663,Dunham Triple XXX (2),Belgian-Style Ales,Tripel
374405,Sante Adairius / Prairie Meh...,Belgian-Style Ales,Tripel
90535,Wäls Trippel,Belgian-Style Ales,Tripel
13816,Unibroue La Fringante,Belgian-Style Ales,Tripel
31103,La Rulles Triple,Belgian-Style Ales,Tripel
125573,Maltus Faber Triple Hop,Belgian-Style Ales,Tripel
182704,Allagash Barrel & Bean,Belgian-Style Ales,Tripel
342068,De Dochter van de Korenaar Finesse Pure Oak Series,Belgian-Style Ales,Tripel
21552,Sockeye Big Creek Trappist,Belgian-Style Ales,Tripel
126586,Extraomnes Tripel,Belgian-Style Ales,Tripel
380211,Het Nest Schuppenboer Tripel Grand Cru,Belgian-Style Ales,Tripel
656997,Minne Ardenne Triple au Cognac Léonard,Belgian-Style Ales,Tripel
111460,Jolly Pumpkin Baudelaire Biére Series: Ale Absurd Rye Tripel (2017),Belgian-Style Ales,Tripel
453528,Cloudwater Tripel Bourbon BA,Belgian-Style Ales,Tripel
155876,De Ryck Gouden Arend 125 Years,Belgian-Style Ales,Tripel
256923,Warped Wing Pirogue,Belgian-Style Ales,Tripel
8114,Dieu du Ciel! Rigor Mortis Tripel,Belgian-Style Ales,Tripel
341007,Bridge Road / Nøgne Ø Aurora Australis II,Belgian-Style Ales,Tripel
784471,Schilling Augustin 13˚,Lagers,Amber Lager - Czech / Polotmavý
334956,Vinohradský Jantarová 13,Lagers,Amber Lager - Czech / Polotmavý
16447,Svatý Norbert Jantar 13°,Lagers,Amber Lager - Czech / Polotmavý
822046,Miłosław Chmielowy Lager,Lagers,Amber Lager - Czech / Polotmavý
405036,MaBrasserie PILŽ Polotmavý,Lagers,Amber Lager - Czech / Polotmavý
149313,Rohan Polotmavý Speciál 13°,Lagers,Amber Lager - Czech / Polotmavý
301358,Matuška Knír 14%,Lagers,Amber Lager - Czech / Polotmavý
85619,Bašta Polotmavý Speciál 12°,Lagers,Amber Lager - Czech / Polotmavý
491439,Matuška Jitrnice (Lezak),Lagers,Amber Lager - Czech / Polotmavý
218037,Rapp Polotmavý Speziál,Lagers,Amber Lager - Czech / Polotmavý
70522,Svaty Florian Polotmavé 11°,Lagers,Amber Lager - Czech / Polotmavý
142424,Matuška Svatomartinský Polotmavý Speciál 16°,Lagers,Amber Lager - Czech / Polotmavý
139618,Antoš Polotmavá 13°,Lagers,Amber Lager - Czech / Polotmavý
225466,Hostivar Polotmavá Dvanáctka 12°,Lagers,Amber Lager - Czech / Polotmavý
192845,Únětický Vánoční Speciál 13° Polotmavé,Lagers,Amber Lager - Czech / Polotmavý
8123,L'Amère à Boire Drak,Lagers,Amber Lager - Czech / Polotmavý
559247,Kamenice Kamenická 13 Polotmavá,Lagers,Amber Lager - Czech / Polotmavý
406989,Komín Polotmavý Ležiak 12°,Lagers,Amber Lager - Czech / Polotmavý
196871,Zichovec Magor 15,Lagers,Amber Lager - Czech / Polotmavý
278477,Clock Maid  12° Polotmavý Ležák,Lagers,Amber Lager - Czech / Polotmavý
408243,Kolčavka Extra Hořká 12°,Lagers,Amber Lager - Czech / Polotmavý
49683,U Medvídků Oldgott Barique Ležak 13°,Lagers,Amber Lager - Czech / Polotmavý
114217,Matuška Svatomartinský Polotmavý Speciál 15°,Lagers,Amber Lager - Czech / Polotmavý
596848,Nils Oscar Granat,Lagers,Amber Lager - Czech / Polotmavý
154496,Full Sail Session Fest Red Lager,Lagers,Amber Lager - Czech / Polotmavý
176592,U Tří Růží Polotmavý Ležák,Lagers,Amber Lager - Czech / Polotmavý
578034,BAŤAK Polotmavý ležiak 11°,Lagers,Amber Lager - Czech / Polotmavý
184449,Notch Polotmavy,Lagers,Amber Lager - Czech / Polotmavý
146838,U Dvou Koček Polotmavá Kočka 12°,Lagers,Amber Lager - Czech / Polotmavý
178179,Zlínský Švec Polotmavý Ležák 11°,Lagers,Amber Lager - Czech / Polotmavý
46988,Herold Granát Polotmavé Silné Pivo 14° (Czech Granát Lager),Lagers,Amber Lager - Czech / Polotmavý
129562,Koníček Grošák 14%,Lagers,Amber Lager - Czech / Polotmavý
159731,Opat Sváteční Speciál 17%,Lagers,Amber Lager - Czech / Polotmavý
348041,Beznoska Klíčák 11°,Lagers,Amber Lager - Czech / Polotmavý
204416,Mazák Jantar 11°,Lagers,Amber Lager - Czech / Polotmavý
79476,Dobřanské Pivo Dobřanský Dragoun Polotmavý Special 16%,Lagers,Amber Lager - Czech / Polotmavý
16980,Ferdinand Specialní Polotmavé Sedm Kulí 13%,Lagers,Amber Lager - Czech / Polotmavý
127970,Jihoměstský Jihoměšt'an 11°,Lagers,Amber Lager - Czech / Polotmavý
9610,Herold Czech Bronze Lager 14°,Lagers,Amber Lager - Czech / Polotmavý
204387,Třebonice 12° Plnicí Pero Polotmavý Ležák,Lagers,Amber Lager - Czech / Polotmavý
95455,Moritz Maisel 11%,Lagers,Amber Lager - Czech / Polotmavý
603502,FABRIKA 14° Polotmavy Leziak,Lagers,Amber Lager - Czech / Polotmavý
354320,Národní Czech Lion 13° Polotmavý Ležák,Lagers,Amber Lager - Czech / Polotmavý
195430,Hendrych H13,Lagers,Amber Lager - Czech / Polotmavý
321386,Muflon Polotmavý Ležák 12°,Lagers,Amber Lager - Czech / Polotmavý
183792,Žumberk Polotmavý Ležák 13°,Lagers,Amber Lager - Czech / Polotmavý
203753,Stupavar Jantár 12%,Lagers,Amber Lager - Czech / Polotmavý
145073,Na Rychtě Vojtěch,Lagers,Amber Lager - Czech / Polotmavý
65141,Bernard Jantarový Ležák 12° / Amber Lager / Řezaný Ležák,Lagers,Amber Lager - Czech / Polotmavý
244676,Bratčice Polotmavý Speciál 13°,Lagers,Amber Lager - Czech / Polotmavý
1090,Ayinger Celebrator Doppelbock,Lagers,Bock - Doppelbock
301969,Schloss Eggenberg Samichlaus Schwarzes,Lagers,Bock - Doppelbock
570990,Vrooden Ur-Bock Signature,Lagers,Bock - Doppelbock
671112,Hoppin' Frog Frogichlaus,Lagers,Bock - Doppelbock
1147,Andechser Doppelbock Dunkel,Lagers,Bock - Doppelbock
4025,Weltenburger Kloster Asam Bock,Lagers,Bock - Doppelbock
101134,Grand Teton Double Vision Doppelbock,Lagers,Bock - Doppelbock
7823,Weihenstephaner Korbinian,Lagers,Bock - Doppelbock
80784,Les Trois Mousquetaires Doppelbock,Lagers,Bock - Doppelbock
105689,The Duck-Rabbit Duck-Rabbator Dopplebock,Lagers,Bock - Doppelbock
250056,Tröegs Troegenator Doublebock - Bourbon,Lagers,Bock - Doppelbock
470642,Garage Project Dark Arts,Lagers,Bock - Doppelbock
242982,Schloss Eggenberg Samichlaus Classic Barrique,Lagers,Bock - Doppelbock
475038,Vrooden Ur-Bock,Lagers,Bock - Doppelbock
192537,Sun King Afternoon Delight,Lagers,Bock - Doppelbock
554103,Uiltje Apfelstrudel Doppelbock,Lagers,Bock - Doppelbock
703431,Hamburger Senatsbock Die Koffie un Koken Edition (2019),Lagers,Bock - Doppelbock
10585,Ettaler Curator Doppelbock,Lagers,Bock - Doppelbock
752091,Cigar City Confectionator,Lagers,Bock - Doppelbock
660411,De Molen / Poch’s Cliffhanger,Lagers,Bock - Doppelbock
235630,Jack's Abby Baby Maker,Lagers,Bock - Doppelbock
42972,Rupp-Bräu Dunkler Doppelbock,Lagers,Bock - Doppelbock
43014,Smuttynose Big Beer Series: S'muttonator,Lagers,Bock - Doppelbock
143545,Croce di Malto Due Mondi,Lagers,Bock - Doppelbock
864,Capital Autumnal Fire,Lagers,Bock - Doppelbock
182284,Wolverine State Wolverine Massacre Imperial Dark Lager,Lagers,Bock - Doppelbock
873849,Amager American Outlaws: Cherokee Bill,Lagers,Bock - Doppelbock
863,Capital Dark Doppelbock,Lagers,Bock - Doppelbock
203015,Perrin Black Goat,Lagers,Bock - Doppelbock
4559,Augustiner Maximator,Lagers,Bock - Doppelbock
727619,Lickinghole Creek German Chocolate Cake,Lagers,Bock - Doppelbock
771743,Kees Indian Summer Doppelbock (Speyside BA),Lagers,Bock - Doppelbock
34192,Prösslbräu Adlersberg Palmator Doppelbock,Lagers,Bock - Doppelbock
13152,Marthas Weathertop Doppelbock,Lagers,Bock - Doppelbock
785308,Graff Julebokk,Lagers,Bock - Doppelbock
2094,Spaten Optimator,Lagers,Bock - Doppelbock
461313,Vrooden Doppelbock,Lagers,Bock - Doppelbock
453199,Walhalla Heimdall,Lagers,Bock - Doppelbock
565382,Nøgne Ø Gjertruds Vintervarmer,Lagers,Bock - Doppelbock
527090,Mikkeller San Diego Tripper Bocker,Lagers,Bock - Doppelbock
13030,Vetters 33,Lagers,Bock - Doppelbock
30494,Hacker-Pschorr Animator,Lagers,Bock - Doppelbock
162292,Jack's Abby Saxonator Dunkles Doppelbock,Lagers,Bock - Doppelbock
37740,Avery The Kaiser Imperial Oktoberfest,Lagers,Bock - Doppelbock
132239,Duits & Lauret Houtgerijpte Rook Dubbelbock,Lagers,Bock - Doppelbock
2733,Sudwerk Doppel Bock Ultimator,Lagers,Bock - Doppelbock
573899,Karbach 017 Brandy You’re A Fine Girl,Lagers,Bock - Doppelbock
6245,Schloss Eggenberg Samichlaus Classic,Lagers,Bock - Doppelbock
33452,Hutthurmer Kulinator,Lagers,Bock - Doppelbock
567759,Against the Grain / Way My Way Or The Way Way (Stave It For Later),Lagers,Bock - Doppelbock
436732,Suarez Family Palatine Pils,Lagers,Pilsener / Pils / Pilsner
197620,Hill Farmstead Mary,Lagers,Pilsener / Pils / Pilsner
895730,Nepomucen From The Woodland,Lagers,Pilsener / Pils / Pilsner
424544,Deschutes Pub Reserve Series: Pilsner Pie,Lagers,Pilsener / Pils / Pilsner
839896,Buddelship / La Pirata Jam Session II,Lagers,Pilsener / Pils / Pilsner
570863,Nómada Naturepils,Lagers,Pilsener / Pils / Pilsner
356904,Live Oak Gold,Lagers,Pilsener / Pils / Pilsner
349100,Persephone Amarillo Pilsner,Lagers,Pilsener / Pils / Pilsner
449916,Suarez Family Qualify Pils,Lagers,Pilsener / Pils / Pilsner
437666,Highland Park Timbo Pils,Lagers,Pilsener / Pils / Pilsner
23139,Sly Fox Keller Pils,Lagers,Pilsener / Pils / Pilsner
852772,Trzech Kumpli ITAPils,Lagers,Pilsener / Pils / Pilsner
847506,Funky Fluid Tomyski Pils,Lagers,Pilsener / Pils / Pilsner
313205,Schilling Hanse,Lagers,Pilsener / Pils / Pilsner
270592,Le Trou du Diable / Dieu du Ciel! La Divine Comédie,Lagers,Pilsener / Pils / Pilsner
214896,pFriem Pilsner,Lagers,Pilsener / Pils / Pilsner
616439,Le Castor Pilsner,Lagers,Pilsener / Pils / Pilsner
11493,Birrificio Italiano Tipopils,Lagers,Pilsener / Pils / Pilsner
11495,Birrificio Italiano Extra Hop,Lagers,Pilsener / Pils / Pilsner
283463,Red Rock Fröhlich Pils,Lagers,Pilsener / Pils / Pilsner
162657,Gänstaller Bräu Pils,Lagers,Pilsener / Pils / Pilsner
446048,Bierstadt Slow Pour Pils,Lagers,Pilsener / Pils / Pilsner
601990,Finback Telephone Lines,Lagers,Pilsener / Pils / Pilsner
837480,The Kernel Pils Ella,Lagers,Pilsener / Pils / Pilsner
354976,Burdock Westcoast Pilsener,Lagers,Pilsener / Pils / Pilsner
840327,Deya NZ Pils,Lagers,Pilsener / Pils / Pilsner
278752,Russian River STS Pils,Lagers,Pilsener / Pils / Pilsner
517870,Suarez Family Cabana,Lagers,Pilsener / Pils / Pilsner
123059,Upright Engelberg Pilsener,Lagers,Pilsener / Pils / Pilsner
495695,Jack's Abby Post Shift,Lagers,Pilsener / Pils / Pilsner
126632,Black Raven Hochzeit Pilsner,Lagers,Pilsener / Pils / Pilsner
338339,Rittmayer Bitter 58,Lagers,Pilsener / Pils / Pilsner
861748,ReCraft / Piwne Podziemie La Dolce Vita,Lagers,Pilsener / Pils / Pilsner
756614,Cloudwater It Took Over The Airports,Lagers,Pilsener / Pils / Pilsner
36675,Victory Braumeister Pils,Lagers,Pilsener / Pils / Pilsner
841903,"Cloudwater Our Highs, Their Lows Pilsner (Crop Year 2019 - Series 15)",Lagers,Pilsener / Pils / Pilsner
848186,The Kernel Pils Motueka,Lagers,Pilsener / Pils / Pilsner
172550,Schönramer Grünhopfen Pils,Lagers,Pilsener / Pils / Pilsner
345708,Fieldwork Outdoor,Lagers,Pilsener / Pils / Pilsner
38324,Gradl Leupser Pils,Lagers,Pilsener / Pils / Pilsner
527143,Other Half Watch It Fall Slowly,Lagers,Pilsener / Pils / Pilsner
619,Victory Prima Pils,Lagers,Pilsener / Pils / Pilsner
745731,Maltgarden Museum of Classic Beers: Hallertauer Pils,Lagers,Pilsener / Pils / Pilsner
849286,Piwne Podziemie Oh My Pils!,Lagers,Pilsener / Pils / Pilsner
593067,Alternatywa 4#4 Whisky Pils,Lagers,Pilsener / Pils / Pilsner
383894,Cloudburst Happy Little Clouds,Lagers,Pilsener / Pils / Pilsner
489530,Foundation Riverton Flyer,Lagers,Pilsener / Pils / Pilsner
731199,Garage Project / Firestone Walker Hāpi Sessions Vol. 2 - Riwaka Express,Lagers,Pilsener / Pils / Pilsner
610747,Vrooden Hopfen Pilsner,Lagers,Pilsener / Pils / Pilsner
247269,Local Option Outlawger,Lagers,Pilsener / Pils / Pilsner
14396,AleSmith IPA,Anglo-American Ales,IPA
1502,Bell's Two Hearted Ale,Anglo-American Ales,IPA
50008,Ballast Point Sculpin IPA,Anglo-American Ales,IPA
145241,Maine Beer Lunch,Anglo-American Ales,IPA
217528,Maine Beer Another One,Anglo-American Ales,IPA
48429,Russian River Blind Pig IPA,Anglo-American Ales,IPA
289004,Surly / Amager Todd - The Axe Man (Surly Version),Anglo-American Ales,IPA
133713,La Cumbre Elevated IPA,Anglo-American Ales,IPA
101856,Fat Head's Head Hunter IPA,Anglo-American Ales,IPA
208825,Le Castor Yakima IPA,Anglo-American Ales,IPA
460001,Satyr Brews Menace IPA,Anglo-American Ales,IPA
55798,Surly Furious,Anglo-American Ales,IPA
14052,Town Hall Masala Mama IPA,Anglo-American Ales,IPA
56745,Russian River Hopfather,Anglo-American Ales,IPA
422,Stone IPA (India Pale Ale),Anglo-American Ales,IPA
138513,Lawson's Finest Triple Play IPA,Anglo-American Ales,IPA
111401,Driftwood Sartori Harvest IPA,Anglo-American Ales,IPA
712782,Bas-Canada Bank Hotel,Anglo-American Ales,IPA
140085,Great Lakes Brewery Karma Citra,Anglo-American Ales,IPA
352495,The Kernel India Pale Ale Citra Mosaic,Anglo-American Ales,IPA
54549,Alpine Beer Company Duet,Anglo-American Ales,IPA
55239,Three Floyds BrooDoo,Anglo-American Ales,IPA
176058,Dieu du Ciel! / The Alchemist Moralité,Anglo-American Ales,IPA
317600,Amager Batch 1000,Anglo-American Ales,IPA
208094,The Kernel India Pale Ale Mosaic,Anglo-American Ales,IPA
137414,The Kernel India Pale Ale Citra,Anglo-American Ales,IPA
205728,La Cumbre Project Dank,Anglo-American Ales,IPA
425456,Les Trois Mousquetaires IPA,Anglo-American Ales,IPA
217760,The Kernel India Pale Ale S.A.NS,Anglo-American Ales,IPA
186077,Great Lakes Brewery Thrust! ...An IPA - IPA,Anglo-American Ales,IPA
34708,Three Floyds Alpha Khan,Anglo-American Ales,IPA
225746,Half Acre Beer Hates Astronauts,Anglo-American Ales,IPA
175224,Societe The Pupil,Anglo-American Ales,IPA
40277,Founders Harvest Ale,Anglo-American Ales,IPA
548417,Garage Project Unconditional Love Mix Tape IPA,Anglo-American Ales,IPA
76883,Firestone Walker Union Jack IPA,Anglo-American Ales,IPA
1608,Bear Republic Racer 5 IPA,Anglo-American Ales,IPA
365544,The Kernel India Pale Ale Mosaic Chinook Simcoe,Anglo-American Ales,IPA
401526,The Kernel India Pale Ale Ella Chinook Citra Centennial,Anglo-American Ales,IPA
201827,Fat Head's IBUsive IPA,Anglo-American Ales,IPA
95103,Cigar City Jai Alai India Pale Ale,Anglo-American Ales,IPA
14434,Port Brewing Wipeout IPA,Anglo-American Ales,IPA
82180,Alpine Beer Company O'Briens IPA,Anglo-American Ales,IPA
205059,New England Supernaut IPA,Anglo-American Ales,IPA
492235,Vox Populi Vox Pop IPA - Citra,Anglo-American Ales,IPA
92737,Lawson's Finest Chinookerd IPA,Anglo-American Ales,IPA
198910,Beachwood Amalgamator,Anglo-American Ales,IPA
114480,8 Wired HopWired IPA,Anglo-American Ales,IPA
409275,Nova Runda C4,Anglo-American Ales,IPA
107354,Oskar Blues Deviant Dale's India Pale Ale,Anglo-American Ales,IPA
469454,The Referend Berliner Messe,Sour Beer,Berliner Weisse
437481,Stu Mostów ART9 / Bristol Brewing Oatmeal Hoptart,Sour Beer,Berliner Weisse
204156,Sante Adairius Maiden Fields,Sour Beer,Berliner Weisse
197999,Firestone Walker Bretta Weisse,Sour Beer,Berliner Weisse
310509,Right Proper Kick.Kick.Snare,Sour Beer,Berliner Weisse
264662,OEC Exilis,Sour Beer,Berliner Weisse
309976,J. Wakefield Stush Berliner,Sour Beer,Berliner Weisse
191931,Brasseurs du Monde Blanche du Mur,Sour Beer,Berliner Weisse
220568,Schell Noble Star - Star Of The North,Sour Beer,Berliner Weisse
218816,New England Weiss Trash Culture,Sour Beer,Berliner Weisse
159186,Craftsman Angelino Weisse,Sour Beer,Berliner Weisse
158677,Bear Republic Tartare,Sour Beer,Berliner Weisse
225984,Arizona Wilderness Bear Wallow Berliner Weisse,Sour Beer,Berliner Weisse
588713,The Referend Berliner Messe - Credo,Sour Beer,Berliner Weisse
368052,Beachwood Blendery Propagation Series No. 002,Sour Beer,Berliner Weisse
469456,The Referend Berliner Messe - Gloria,Sour Beer,Berliner Weisse
646497,Small Pony Ci-Tron,Sour Beer,Berliner Weisse
464522,Bruery Terreux Frederick H.,Sour Beer,Berliner Weisse
215787,New Holland Incorrigible,Sour Beer,Berliner Weisse
718785,Pit Caribou Les Pieds Croches,Sour Beer,Berliner Weisse
72316,1809 Berliner Style Weisse,Sour Beer,Berliner Weisse
334988,Live Oak Berliner Weisse,Sour Beer,Berliner Weisse
342289,Right Proper Corn Rigs and Barley Rigs,Sour Beer,Berliner Weisse
249039,Bellwoods Warp & Weft,Sour Beer,Berliner Weisse
511104,Vrooden Berliner Weisse,Sour Beer,Berliner Weisse
448143,YellowBelly For Whom The Sour Trolls Citra Sour,Sour Beer,Berliner Weisse
352088,East End / Pizza Boy Moonstomp,Sour Beer,Berliner Weisse
184445,Church Brew Berliner Weisse,Sour Beer,Berliner Weisse
221184,Griffin Claw Berlinerweiss,Sour Beer,Berliner Weisse
624242,Jackie O's Perpetum,Sour Beer,Berliner Weisse
209261,Westbrook Weisse Weisse Baby,Sour Beer,Berliner Weisse
377653,Phantom Carriage Broadacres Berliner Weisse,Sour Beer,Berliner Weisse
140807,Bayerischer Bahnhof Berliner Style Weisse - Brettanomyces Lambicus,Sour Beer,Berliner Weisse
213208,De Garde Bu Weisse,Sour Beer,Berliner Weisse
224919,Community Beer Works Mr. Superfantastisch,Sour Beer,Berliner Weisse
244221,Destihl Wild Sour Series: Counter ClockWeisse,Sour Beer,Berliner Weisse
573417,Cycle Electric Boots,Sour Beer,Berliner Weisse
90689,Bruery Terreux Hottenroth Berliner Weisse,Sour Beer,Berliner Weisse
227294,Benelux Berlinoise,Sour Beer,Berliner Weisse
126350,Thirsty Dog Berliner Weisse,Sour Beer,Berliner Weisse
257684,Prairie Prairie Weisse,Sour Beer,Berliner Weisse
325839,Buxton Very Far Skyline,Sour Beer,Berliner Weisse
174488,Cigar City The One Percenter,Sour Beer,Berliner Weisse
272412,Magic Rock Circus of Sour White Wine,Sour Beer,Berliner Weisse
289071,Schell Noble Star - Dawn of Aurora,Sour Beer,Berliner Weisse
185979,Pour Decisions Acerbity,Sour Beer,Berliner Weisse
822379,Flügge / Wilder Wald Bene,Sour Beer,Berliner Weisse
264435,Cape May Tower 23,Sour Beer,Berliner Weisse
345754,The Kernel London Sour Barrel Aged,Sour Beer,Berliner Weisse
361475,Profesja Cyrulik,Sour Beer,Berliner Weisse
414383,Cantillon La Vie est Belge,Sour Beer,Lambic - Gueuze
596346,Cantillon 50°N-4°E (2017),Sour Beer,Lambic - Gueuze
491745,3 Fonteinen Oude Geuze Honing (Honey),Sour Beer,Lambic - Gueuze
423673,3 Fonteinen Oude Geuze Cuvée Armand & Gaston,Sour Beer,Lambic - Gueuze
56716,3 Fonteinen Oude Geuze Vintage (all from 2002-*),Sour Beer,Lambic - Gueuze
553395,Bokke Barrique Oloroso,Sour Beer,Lambic - Gueuze
105767,Lost Abbey Duck Duck Gooze,Sour Beer,Lambic - Gueuze
167701,3 Fonteinen Oude Geuze Golden Blend,Sour Beer,Lambic - Gueuze
16917,Cantillon Loerik,Sour Beer,Lambic - Gueuze
614049,3 Fonteinen Oude Geuze Cuvée Armand & Gaston Honing (Honey),Sour Beer,Lambic - Gueuze
416176,Cantillon Gueuze (2-3-4 year old blend),Sour Beer,Lambic - Gueuze
739401,Cantillon Brabantiæ,Sour Beer,Lambic - Gueuze
32158,"Cantillon 50°N-4°E (2003, 2007, 2012, 2015 & 2020)",Sour Beer,Lambic - Gueuze
6034,Girardin Gueuze Black Label,Sour Beer,Lambic - Gueuze
7501,Cantillon Lou Pepe Gueuze,Sour Beer,Lambic - Gueuze
512667,Cantillon Chouke,Sour Beer,Lambic - Gueuze
11168,3 Fonteinen Oude Geuze,Sour Beer,Lambic - Gueuze
654615,De Cam Oude Geuze Editie Gooikoorts,Sour Beer,Lambic - Gueuze
548204,Boon Oude Geuze VAT 108,Sour Beer,Lambic - Gueuze
824773,Boon Oude Geuze VAT 86,Sour Beer,Lambic - Gueuze
546819,Bokke Dalton Cuvée,Sour Beer,Lambic - Gueuze
375352,Goedele's Bloesem,Sour Beer,Lambic - Gueuze
651459,3 Fonteinen Oude Geuze Golden Blend Honing (Honey),Sour Beer,Lambic - Gueuze
662005,Cantillon Zwanze (2018) Manneken Pise,Sour Beer,Lambic - Gueuze
840277,3 Fonteinen Oude Geuze Platinum Blend,Sour Beer,Lambic - Gueuze
119395,Cantillon Cuvée Saint-Gilloise,Sour Beer,Lambic - Gueuze
452316,Bokke Dalton William,Sour Beer,Lambic - Gueuze
144762,Tilquin Oude Gueuze à l'Ancienne,Sour Beer,Lambic - Gueuze
511219,Oud Beersel Oude Geuze Vandervelden 135 years,Sour Beer,Lambic - Gueuze
833872,Boon Oude Geuze VAT 108bis,Sour Beer,Lambic - Gueuze
609050,Oud Beersel Oude Geuze Barrel Selection Oude Pijpen,Sour Beer,Lambic - Gueuze
198565,Bullfrog Le Roar Grrrz,Sour Beer,Lambic - Gueuze
857439,3 Fonteinen Zenne y Frontera BLEND 92,Sour Beer,Lambic - Gueuze
429095,Bokke Dalton Averell,Sour Beer,Lambic - Gueuze
452315,Bokke Dalton Joe,Sour Beer,Lambic - Gueuze
727895,Bokke Barrique Levenswater,Sour Beer,Lambic - Gueuze
149841,Heeren van Liedekercke 20 Anniversary Blend,Sour Beer,Lambic - Gueuze
548212,Boon Oude Geuze VAT 110,Sour Beer,Lambic - Gueuze
367485,Boon Oude Geuze Black Label,Sour Beer,Lambic - Gueuze
720351,Oud Beersel Oude Geuze Vandervelden 137 years,Sour Beer,Lambic - Gueuze
857429,3 Fonteinen Zenne y Frontera BLEND 94,Sour Beer,Lambic - Gueuze
334032,De Garde The Anniversary,Sour Beer,Lambic - Gueuze
242505,3 Fonteinen Golden Doesjel,Sour Beer,Lambic - Gueuze
343503,Toon van den Broek Watergeus,Sour Beer,Lambic - Gueuze
696023,Wildflower Good As Gold,Sour Beer,Lambic - Gueuze
548195,Boon Oude Geuze VAT 91,Sour Beer,Lambic - Gueuze
13674,De Cam Oude Geuze,Sour Beer,Lambic - Gueuze
418488,Jester King SPON Méthode Traditionelle,Sour Beer,Lambic - Gueuze
856374,3 Fonteinen Oude Geuze Cuvée Armand & Gaston Vintage,Sour Beer,Lambic - Gueuze
771659,Cantillon Zwanze (2019),Sour Beer,Lambic - Gueuze
1156,Weihenstephaner Hefeweissbier,Wheat Beer,Weissbier - Hefeweizen
902,Live Oak Hefe Weizen,Wheat Beer,Weissbier - Hefeweizen
250972,Side Launch Wheat,Wheat Beer,Weissbier - Hefeweizen
2716,Ayinger Bräuweisse,Wheat Beer,Weissbier - Hefeweizen
423166,New Glarus Bubbler,Wheat Beer,Weissbier - Hefeweizen
40510,Piece Top Heavy Hefeweizen,Wheat Beer,Weissbier - Hefeweizen
6002,Andechser Weissbier Hell,Wheat Beer,Weissbier - Hefeweizen
345278,Schilling Schlaumeier,Wheat Beer,Weissbier - Hefeweizen
6212,Schneider Weisse Tap 4 Meine Festweisse,Wheat Beer,Weissbier - Hefeweizen
810451,Brewery Hills Banana Peach,Wheat Beer,Weissbier - Hefeweizen
137786,Urban Chestnut Schnickelfritz,Wheat Beer,Weissbier - Hefeweizen
863209,Cloudwater Heftyweisse,Wheat Beer,Weissbier - Hefeweizen
45917,Fujizakura Heights Weizen,Wheat Beer,Weissbier - Hefeweizen
1088,Franziskaner Hefe-Weissbier / Weissbier Naturtrub,Wheat Beer,Weissbier - Hefeweizen
92827,Heater Allen IsarWeizen,Wheat Beer,Weissbier - Hefeweizen
647,Paulaner Hefe-Weissbier,Wheat Beer,Weissbier - Hefeweizen
171621,Belle Gueule Hefeweizen,Wheat Beer,Weissbier - Hefeweizen
860592,Cloudwater It Is What It Is,Wheat Beer,Weissbier - Hefeweizen
407635,Vrooden Weizen,Wheat Beer,Weissbier - Hefeweizen
23412,Craftsman Heavenly Hefe,Wheat Beer,Weissbier - Hefeweizen
100383,Sierra Nevada Kellerweis Hefeweizen,Wheat Beer,Weissbier - Hefeweizen
4560,Maisels Weisse Original,Wheat Beer,Weissbier - Hefeweizen
652,Hacker-Pschorr Hefe Weisse,Wheat Beer,Weissbier - Hefeweizen
606741,Pulfer Brundelweiss Hefeweizen,Wheat Beer,Weissbier - Hefeweizen
180502,Prost Weißbier,Wheat Beer,Weissbier - Hefeweizen
11460,Dieu du Ciel! Nativité Blonde,Wheat Beer,Weissbier - Hefeweizen
154982,Occidental Hefeweizen,Wheat Beer,Weissbier - Hefeweizen
336710,Queen City Hefeweizen,Wheat Beer,Weissbier - Hefeweizen
251276,McFate Bamberg Hefeweizen,Wheat Beer,Weissbier - Hefeweizen
25608,Hofbrauhaus Newport Hefe Weizen,Wheat Beer,Weissbier - Hefeweizen
602646,Trzech Kumpli Weizen,Wheat Beer,Weissbier - Hefeweizen
152937,La Cumbre A Slice of Hefen,Wheat Beer,Weissbier - Hefeweizen
517053,PINTA Bawarka,Wheat Beer,Weissbier - Hefeweizen
8836,Victory Mad King’s Weiss,Wheat Beer,Weissbier - Hefeweizen
627,Victory Sunrise Weissbier,Wheat Beer,Weissbier - Hefeweizen
753877,Perun Ziarno Prawdy,Wheat Beer,Weissbier - Hefeweizen
4481,Cambridge Hefeweizen,Wheat Beer,Weissbier - Hefeweizen
131729,Zakkoku Kobo Zakkoku Weizen,Wheat Beer,Weissbier - Hefeweizen
126174,Funky Buddha Floridian Hefeweizen,Wheat Beer,Weissbier - Hefeweizen
346002,Night Shift Furth,Wheat Beer,Weissbier - Hefeweizen
320148,Naparbier Hefeweizen,Wheat Beer,Weissbier - Hefeweizen
334510,OMB Hornets Nest,Wheat Beer,Weissbier - Hefeweizen
64161,Lightning Thunderweizen,Wheat Beer,Weissbier - Hefeweizen
475945,Nepomucen Skat,Wheat Beer,Weissbier - Hefeweizen
186759,Franziskaner Weissbier Royal (2012+),Wheat Beer,Weissbier - Hefeweizen
846521,Gänstaller Bräu 03 Smaragdweiß,Wheat Beer,Weissbier - Hefeweizen
24012,Otto’s Hefeweizen,Wheat Beer,Weissbier - Hefeweizen
309973,J. Wakefield El Jefe Hefeweizen,Wheat Beer,Weissbier - Hefeweizen
212361,Widmer Brothers Brotha from Another Motha,Wheat Beer,Weissbier - Hefeweizen
85179,East End Monkey Boy,Wheat Beer,Weissbier - Hefeweizen
49981,The Livery Bourbon Barrel Aged Trippel Weizenbock,Wheat Beer,Weissbier - Weizenbock
2224,Schneider Weisse Aventinus,Wheat Beer,Weissbier - Weizenbock
74630,New Glarus Dancing Man Wheat,Wheat Beer,Weissbier - Weizenbock
83995,New Glarus Thumbprint Series Imperial Weizen,Wheat Beer,Weissbier - Weizenbock
70791,Weihenstephaner Vitus,Wheat Beer,Weissbier - Weizenbock
56837,Ayinger Weizenbock,Wheat Beer,Weissbier - Weizenbock
393685,Deschutes Pub Reserve Series: Rum Wowzenbock,Wheat Beer,Weissbier - Weizenbock
872535,Cloudwater Collecting Flowers,Wheat Beer,Weissbier - Weizenbock
706255,Totenhopfen / Flying Inn Sonne,Wheat Beer,Weissbier - Weizenbock
180392,Schneider Weisse Tap X Mein Cuvée Barrique,Wheat Beer,Weissbier - Weizenbock
3401,Ramstein Winter Wheat,Wheat Beer,Weissbier - Weizenbock
17416,Great Lakes Glockenspiel Weizenbock,Wheat Beer,Weissbier - Weizenbock
138577,Svatý Norbert Tříkrálový Pšeničné 16° (Weizenbock dunkel),Wheat Beer,Weissbier - Weizenbock
42735,Gutmann Weizenbock,Wheat Beer,Weissbier - Weizenbock
66568,Les Trois Mousquetaires Weizenbock,Wheat Beer,Weissbier - Weizenbock
401833,Firestone Walker Pacific Gravity Weizenbock,Wheat Beer,Weissbier - Weizenbock
164554,Town Hall Buffalo Bock,Wheat Beer,Weissbier - Weizenbock
73579,Ramstein Double Platinum Blonde,Wheat Beer,Weissbier - Weizenbock
439285,ReCraft Bourbon Bock,Wheat Beer,Weissbier - Weizenbock
245290,Schneider Weisse Tap X Meine Porter Weisse,Wheat Beer,Weissbier - Weizenbock
95471,Sierra Nevada Weizenbock,Wheat Beer,Weissbier - Weizenbock
628,Victory Moonglow Weizenbock,Wheat Beer,Weissbier - Weizenbock
68822,Le Trou du Diable Weizgripp Doppelweizenbock,Wheat Beer,Weissbier - Weizenbock
385768,Sierra Nevada Squared Away,Wheat Beer,Weissbier - Weizenbock
479226,Schönramer Weißbier Bock,Wheat Beer,Weissbier - Weizenbock
22726,Fujizakura Heights Weizen Bock,Wheat Beer,Weissbier - Weizenbock
240491,Broadway Sein d'Esprit de Noël,Wheat Beer,Weissbier - Weizenbock
120584,Les Brasseurs du Temps DumDuminator,Wheat Beer,Weissbier - Weizenbock
657374,Naparbier Barrel Series (Whisky 2018). Aesthetics,Wheat Beer,Weissbier - Weizenbock
153929,Lagunitas Our Own Bavarian-Style DoppelWeizen,Wheat Beer,Weissbier - Weizenbock
96816,Live Oak Primus,Wheat Beer,Weissbier - Weizenbock
317415,Stu Mostów ART1 / Camba Bavaria Doppel Weizenbock German IPA,Wheat Beer,Weissbier - Weizenbock
131923,Jopen Johannieter,Wheat Beer,Weissbier - Weizenbock
670327,The Bruery Wether,Wheat Beer,Weissbier - Weizenbock
45827,Edelweiss Gamsbock,Wheat Beer,Weissbier - Weizenbock
2191,Capital Square Series Weizen Doppelbock,Wheat Beer,Weissbier - Weizenbock
463,DeGroens Weizenbock,Wheat Beer,Weissbier - Weizenbock
329482,Belle Gueule Weizenbock,Wheat Beer,Weissbier - Weizenbock
157010,Revolution Fausten Weizenbock,Wheat Beer,Weissbier - Weizenbock
52778,Iron Hill Weizenbock,Wheat Beer,Weissbier - Weizenbock
431981,Beavertown Tempus Project - Phobos,Wheat Beer,Weissbier - Weizenbock
52791,Town Hall Eight Weizenbock,Wheat Beer,Weissbier - Weizenbock
605488,Andechser Weizenbock,Wheat Beer,Weissbier - Weizenbock
767631,Cigar City Tannhauser Gate,Wheat Beer,Weissbier - Weizenbock
358455,The Bruery Ride That Goat,Wheat Beer,Weissbier - Weizenbock
52998,5 Seasons Über Weiss Weizenbock,Wheat Beer,Weissbier - Weizenbock
270373,Hopf Muospacher Bockfotzn,Wheat Beer,Weissbier - Weizenbock
110290,Fat Head's Alpenglow Weizenbock,Wheat Beer,Weissbier - Weizenbock
156052,Rahr & Sons Angry Goat,Wheat Beer,Weissbier - Weizenbock
305793,King Street Portage WeizenBock,Wheat Beer,Weissbier - Weizenbock
469306,Side Project Bière Blanche,Wheat Beer,Witbier / Belgian White Ale
277635,OEC Albus,Wheat Beer,Witbier / Belgian White Ale
222084,Kormoran Podroze Kormorana Witbier,Wheat Beer,Witbier / Belgian White Ale
391695,Western Herd Back Beat Witbier,Wheat Beer,Witbier / Belgian White Ale
421987,Tête d'Allumette Blanche Tête et les 7 Grains,Wheat Beer,Witbier / Belgian White Ale
146191,Anchorage Whiteout Wit Bier,Wheat Beer,Witbier / Belgian White Ale
458465,Maltstrom Farmhouse Blanche,Wheat Beer,Witbier / Belgian White Ale
391884,Indie Alehouse Sunkicked,Wheat Beer,Witbier / Belgian White Ale
436110,L'Ermitage Lune Rose,Wheat Beer,Witbier / Belgian White Ale
500558,Sierra Nevada Ovila White Ale,Wheat Beer,Witbier / Belgian White Ale
338281,PINTA / Pays Flamand - Król Lata / le Roi de l'Eté,Wheat Beer,Witbier / Belgian White Ale
186240,Pipeworks Better a Witty Fool Than... A Foolish Wit,Wheat Beer,Witbier / Belgian White Ale
36706,Jolly Pumpkin Calabaza Blanca,Wheat Beer,Witbier / Belgian White Ale
147037,Upright Sole Composition: Barrel-Aged Pure Wit with Orange Peel,Wheat Beer,Witbier / Belgian White Ale
219637,Ten Ninety Imperial Witbier,Wheat Beer,Witbier / Belgian White Ale
348655,Pracownia Piwa Beer for House,Wheat Beer,Witbier / Belgian White Ale
163142,Logsdon Kili Wit,Wheat Beer,Witbier / Belgian White Ale
616410,Fantôme / The Referend Blanchot,Wheat Beer,Witbier / Belgian White Ale
248906,la Vallée du Giffre Blanche,Wheat Beer,Witbier / Belgian White Ale
153627,Block 15 Wonka's Wit,Wheat Beer,Witbier / Belgian White Ale
406132,Fabrica RARA Haiku,Wheat Beer,Witbier / Belgian White Ale
12269,St. Bernardus Wit / Blanche,Wheat Beer,Witbier / Belgian White Ale
316263,Breakside Bellwether,Wheat Beer,Witbier / Belgian White Ale
49308,Leelanau Whaleback White,Wheat Beer,Witbier / Belgian White Ale
29854,Fantôme Blanche,Wheat Beer,Witbier / Belgian White Ale
113327,Upright Pure Wit,Wheat Beer,Witbier / Belgian White Ale
526179,Fonta Flora Metallic Primate,Wheat Beer,Witbier / Belgian White Ale
537790,Celis White,Wheat Beer,Witbier / Belgian White Ale
149504,Fantôme Vertignasse,Wheat Beer,Witbier / Belgian White Ale
8113,Dieu du Ciel! Blanche du Paradis,Wheat Beer,Witbier / Belgian White Ale
86162,Hideji (Hana no) White Weizen,Wheat Beer,Witbier / Belgian White Ale
3014,Allagash White,Wheat Beer,Witbier / Belgian White Ale
184494,Cask & Larder Olde Southern Wit,Wheat Beer,Witbier / Belgian White Ale
556499,De la Senne Witte van - de Magritte,Wheat Beer,Witbier / Belgian White Ale
177669,Magic Rock Clown Juice,Wheat Beer,Witbier / Belgian White Ale
531585,Cloudwater Wit Loral,Wheat Beer,Witbier / Belgian White Ale
97998,Minoh Yuzu White Ale,Wheat Beer,Witbier / Belgian White Ale
529352,Nynäshamns 20 år Jubileumsöl,Wheat Beer,Witbier / Belgian White Ale
382341,Profesja Przekupka,Wheat Beer,Witbier / Belgian White Ale
353256,Pracownia Piwa Beer for Tap,Wheat Beer,Witbier / Belgian White Ale
172586,PINTA Viva la Wita!,Wheat Beer,Witbier / Belgian White Ale
179070,La Cumbre Blanche de Burque,Wheat Beer,Witbier / Belgian White Ale
714124,Charlevoix Blanche de Charlevoix,Wheat Beer,Witbier / Belgian White Ale
47720,Glazen Toren Jan De Lichte,Wheat Beer,Witbier / Belgian White Ale
328860,Dageraad De Witte (2015-),Wheat Beer,Witbier / Belgian White Ale
19346,Dieu du Ciel! Première Neige,Wheat Beer,Witbier / Belgian White Ale
601334,Verzet Space Cadet,Wheat Beer,Witbier / Belgian White Ale
339443,La Fabrique Simonne,Wheat Beer,Witbier / Belgian White Ale
4611,Southampton Double White Ale,Wheat Beer,Witbier / Belgian White Ale
109073,Freetail Witicus Double Rye Wit,Wheat Beer,Witbier / Belgian White Ale
126305,Hill Farmstead Everett,Stout and Porter,Porter
3173,Founders Porter,Stout and Porter,Porter
266073,Hill Farmstead Everett - Bourbon Barrel Aged (2014-),Stout and Porter,Porter
10963,Three Floyds Alpha Klaus,Stout and Porter,Porter
143896,Mikkeller Porter,Stout and Porter,Porter
303,Fuller's London Porter (Bottle/Keg),Stout and Porter,Porter
874604,The Kernel India Double Porter Ekaunot Huell Melon,Stout and Porter,Porter
495584,The Kernel India Double Porter Citra Ella,Stout and Porter,Porter
1226,Great Lakes Edmund Fitzgerald Porter,Stout and Porter,Porter
777988,The Kernel India Double Porter Centennial Columbus,Stout and Porter,Porter
272686,Põhjala Must Kuld,Stout and Porter,Porter
187418,Maine Beer King Titus,Stout and Porter,Porter
34707,Three Floyds Precious,Stout and Porter,Porter
682490,The Kernel India Double Porter Mosaic Simcoe Vic Secret,Stout and Porter,Porter
10326,Dark Horse Reserve Special Black Ale,Stout and Porter,Porter
28431,Nøgne Ø Porter,Stout and Porter,Porter
5576,Smuttynose Robust Porter,Stout and Porter,Porter
407993,Artezan Kazimierz,Stout and Porter,Porter
185697,Dieu du Ciel! Chemin de Croix,Stout and Porter,Porter
48,Anchor Porter,Stout and Porter,Porter
128242,Cigar City Puppy's Breath Robust Porter,Stout and Porter,Porter
186208,Three Floyds Snow Weasel,Stout and Porter,Porter
139683,The Kernel Export India Porter,Stout and Porter,Porter
129317,Cigar City Soggy Loaf Pumpernickel Rye Porter,Stout and Porter,Porter
398597,Mikkeller Porter BA Bourbon,Stout and Porter,Porter
212669,Dunham LaPatt Porter Robuste (Whisky Canadien),Stout and Porter,Porter
45032,Fuller's London Porter (Cask),Stout and Porter,Porter
249269,Anspach & Hobday The Porter,Stout and Porter,Porter
465685,Cellarmaker Wagoner,Stout and Porter,Porter
344786,Barley John's Old 8 Porter,Stout and Porter,Porter
18442,Bi-Du Confine,Stout and Porter,Porter
256776,Brew By Numbers 03/03 Porter - Traditional,Stout and Porter,Porter
774705,Pressure Drop Fashion Porter,Stout and Porter,Porter
55893,Renaissance Elemental Porter,Stout and Porter,Porter
393076,Brew By Numbers 03/05 Porter - Willamette & Centennial,Stout and Porter,Porter
579886,Tree House Catharsis,Stout and Porter,Porter
177343,The Kernel Export India Porter Bramling Cross,Stout and Porter,Porter
175163,Sante Adairius Chavez,Stout and Porter,Porter
11496,Russian River Porter,Stout and Porter,Porter
101848,Drakes Black Robusto Porter,Stout and Porter,Porter
96748,Foothills People's Porter (Bourbon Barrel),Stout and Porter,Porter
304425,Moor B-Moor,Stout and Porter,Porter
178718,Hogshead Gilpin Black Gold,Stout and Porter,Porter
199220,Mikkeller Bedow Autumn Porter,Stout and Porter,Porter
324180,Foglie d'Erba Hot Night at The Village Breakfast Edition,Stout and Porter,Porter
323062,Hoppin' Frog Rum Barrel Aged Silk Porter,Stout and Porter,Porter
165504,Dunham LaPatt Porter Robuste,Stout and Porter,Porter
308906,Stoneface Porter,Stout and Porter,Porter
860506,Verdant Alternative Currency,Stout and Porter,Porter
9137,Harviestoun Old Engine Oil (Bottle),Stout and Porter,Porter
58057,Närke Kaggen Stormaktsporter,Stout and Porter,Stout - Imperial
119354,Cigar City Hunahpu's Imperial Stout - Apple Brandy Barrel Aged,Stout and Porter,Stout - Imperial
71826,Bell's Black Note Stout,Stout and Porter,Stout - Imperial
8909,Goose Island Bourbon County Stout,Stout and Porter,Stout - Imperial
3214,Bell's Expedition Stout,Stout and Porter,Stout - Imperial
41771,Närke Stormaktsporter,Stout and Porter,Stout - Imperial
423017,Bell's Bourbon Barrel-Aged Expedition Stout,Stout and Porter,Stout - Imperial
131041,Närke Konjaks! Stormaktsporter,Stout and Porter,Stout - Imperial
190252,Evil Twin Double Barrel Jesus,Stout and Porter,Stout - Imperial
60246,Firestone Walker Parabola,Stout and Porter,Stout - Imperial
112758,Närke Kaggen Stormaktsporter Pure Swedish Oak,Stout and Porter,Stout - Imperial
65289,Surly Darkness,Stout and Porter,Stout - Imperial
57739,Stone Imperial Russian Stout - Bourbon Barrel,Stout and Porter,Stout - Imperial
803363,Uiltje Sequence Series 007 - 2019 Speyside Blend,Stout and Porter,Stout - Imperial
132951,Mikkeller George! Barrel Aged (Bourbon Edition),Stout and Porter,Stout - Imperial
4315,Stone Imperial Russian Stout,Stout and Porter,Stout - Imperial
142050,Hill Farmstead Damon,Stout and Porter,Stout - Imperial
126945,Dark Horse Bourbon Barrel Plead the 5th Imperial Stout,Stout and Porter,Stout - Imperial
367745,Artezan Samiec Alfa (Barrel Aged),Stout and Porter,Stout - Imperial
311784,Prairie Apple Brandy Barrel Noir,Stout and Porter,Stout - Imperial
37652,Great Divide Yeti Imperial Stout - Oak Aged,Stout and Porter,Stout - Imperial
372163,Oskar Blues Ten FIDY - Bourbon Barrel Aged,Stout and Porter,Stout - Imperial
225214,Hill Farmstead Damon - Port and Bourbon Barrel Aged,Stout and Porter,Stout - Imperial
168105,Cycle RareR DOS,Stout and Porter,Stout - Imperial
589332,Surly Barrel Aged Darkness (2016-),Stout and Porter,Stout - Imperial
116551,Cigar City Marshal Zhukov's Imperial Stout - Bourbon Barrel,Stout and Porter,Stout - Imperial
77305,Struise Black Albert,Stout and Porter,Stout - Imperial
94955,Struise Cuvée Delphine,Stout and Porter,Stout - Imperial
71101,North Coast Old Rasputin (Bourbon Barrel),Stout and Porter,Stout - Imperial
190858,Mikkeller George! Barrel Aged (Cognac Edition),Stout and Porter,Stout - Imperial
539356,Cigar City Marshal Zhukov's Imperial Stout - Double Barrel-aged 2017,Stout and Porter,Stout - Imperial
416546,Hoppin' Frog Rocky Mountain DORIS,Stout and Porter,Stout - Imperial
99410,Hoppin' Frog Barrel Aged BORIS The Crusher,Stout and Porter,Stout - Imperial
621976,Side Project O.W.K.,Stout and Porter,Stout - Imperial
383295,Cycle DBR,Stout and Porter,Stout - Imperial
251694,Taps Remy's Pappy,Stout and Porter,Stout - Imperial
878071,De Moersleutel 87199924992800 (Barcode Black & Yellow),Stout and Porter,Stout - Imperial
167223,Avery Uncle Jacob's Stout,Stout and Porter,Stout - Imperial
95105,Cigar City Marshal Zhukov's Imperial Stout,Stout and Porter,Stout - Imperial
521480,Hoppin' Frog Barrel Aged TORIS The Tyrant,Stout and Porter,Stout - Imperial
124844,De Molen Hel & Verdoemenis Misto BA,Stout and Porter,Stout - Imperial
94961,Struise Black Damnation V - Double Black,Stout and Porter,Stout - Imperial
234714,Hoppin' Frog Barrel Aged DORIS The Destroyer,Stout and Porter,Stout - Imperial
231840,Boatrocker Ramjet Whisky Barrel Aged Imperial Stout,Stout and Porter,Stout - Imperial
105659,Founders Bourbon Barrel-Aged Imperial Stout,Stout and Porter,Stout - Imperial
2946,Free State Owd Macs Imperial Stout,Stout and Porter,Stout - Imperial
68107,Oskar Blues Ten FIDY,Stout and Porter,Stout - Imperial
5933,Founders Imperial Stout,Stout and Porter,Stout - Imperial
478050,Warpigs Smoldering Holes BA Eagle Rare,Stout and Porter,Stout - Imperial
680,North Coast Old Rasputin Russian Imperial Stout,Stout and Porter,Stout - Imperial
166019,Toppling Goliath Kentucky Brunch,Stout and Porter,Stout - Imperial Flavored / Pastry
151817,Toppling Goliath Mornin' Delight,Stout and Porter,Stout - Imperial Flavored / Pastry
420014,Cycle / 3 Sons Rare Scooop,Stout and Porter,Stout - Imperial Flavored / Pastry
58590,Three Floyds Dark Lord - Bourbon Barrel Aged,Stout and Porter,Stout - Imperial Flavored / Pastry
86808,Three Floyds Dark Lord - Bourbon Vanilla Bean,Stout and Porter,Stout - Imperial Flavored / Pastry
28173,AleSmith Speedway Stout - Bourbon Barrel Aged,Stout and Porter,Stout - Imperial Flavored / Pastry
296243,AleSmith Speedway Stout - Bourbon Barrel Aged Vietnamese Coffee,Stout and Porter,Stout - Imperial Flavored / Pastry
98973,Founders Barrel Aged CBS (Canadian Breakfast Stout),Stout and Porter,Stout - Imperial Flavored / Pastry
191962,Perennial Barrel Aged Abraxas,Stout and Porter,Stout - Imperial Flavored / Pastry
14232,AleSmith Speedway Stout,Stout and Porter,Stout - Imperial Flavored / Pastry
97078,Cigar City Hunahpu's Imperial Stout,Stout and Porter,Stout - Imperial Flavored / Pastry
40544,Founders KBS (Kentucky Breakfast Stout),Stout and Porter,Stout - Imperial Flavored / Pastry
15917,Three Floyds Dark Lord Russian Imperial Stout,Stout and Porter,Stout - Imperial Flavored / Pastry
606619,Modern Times Monster Tones,Stout and Porter,Stout - Imperial Flavored / Pastry
114747,Cigar City Hunahpu's Imperial Stout - Bourbon Barrel Aged,Stout and Porter,Stout - Imperial Flavored / Pastry
163168,Toppling Goliath Assassin,Stout and Porter,Stout - Imperial Flavored / Pastry
248755,Mikkeller Beer Geek Vanilla Shake (Bourbon Edition),Stout and Porter,Stout - Imperial Flavored / Pastry
66358,Goose Island Bourbon County Stout - Coffee,Stout and Porter,Stout - Imperial Flavored / Pastry
97034,Mikkeller Beer Geek Brunch Weasel,Stout and Porter,Stout - Imperial Flavored / Pastry
480912,Prairie / Evil Twin Bible Belt - Barrel Aged,Stout and Porter,Stout - Imperial Flavored / Pastry
316832,Bottle Logic Fundamental Observation,Stout and Porter,Stout - Imperial Flavored / Pastry
495772,J. Wakefield / Abnormal Bake Kujira (750ml) 2017,Stout and Porter,Stout - Imperial Flavored / Pastry
502562,Lervig / Hoppin' Frog Bourbon Barrel Aged Sippin' Into Darkness,Stout and Porter,Stout - Imperial Flavored / Pastry
603134,Angry Chair Rocky Road - Bourbon Barrel Aged,Stout and Porter,Stout - Imperial Flavored / Pastry
65832,Deschutes The Abyss,Stout and Porter,Stout - Imperial Flavored / Pastry
413252,Närke Kaggen Stormaktsporter Börb'nåhallon,Stout and Porter,Stout - Imperial Flavored / Pastry
500616,AleSmith Speedway Stout - Rye Barrel Aged: Vietnamese,Stout and Porter,Stout - Imperial Flavored / Pastry
113113,Goose Island Bourbon County Stout - Vanilla Bourbon Barrel,Stout and Porter,Stout - Imperial Flavored / Pastry
159307,AleSmith Speedway Stout - Vietnamese Coffee,Stout and Porter,Stout - Imperial Flavored / Pastry
104410,Dieu du Ciel! Péché Mortel (Bourbon),Stout and Porter,Stout - Imperial Flavored / Pastry
237588,Hangar 24 Barrel Roll: Pugachev Royale,Stout and Porter,Stout - Imperial Flavored / Pastry
154971,Cigar City Hunahpu's Imperial Stout - Rum Barrel Aged,Stout and Porter,Stout - Imperial Flavored / Pastry
600352,3 Sons BA Scoop,Stout and Porter,Stout - Imperial Flavored / Pastry
617369,3 Sons JBM 35,Stout and Porter,Stout - Imperial Flavored / Pastry
371978,Omnipollo Noa Pecan Mud Cake - Bourbon,Stout and Porter,Stout - Imperial Flavored / Pastry
490593,Westbrook Mexican Cake Imperial Stout - Reserva,Stout and Porter,Stout - Imperial Flavored / Pastry
463566,Epic Big Bad Baptista,Stout and Porter,Stout - Imperial Flavored / Pastry
179874,AleSmith Speedway Stout - Brewer's Blend: Vietnamese Coffee,Stout and Porter,Stout - Imperial Flavored / Pastry
568643,Side Project Derivation Blend #8,Stout and Porter,Stout - Imperial Flavored / Pastry
573425,Cycle Brinner,Stout and Porter,Stout - Imperial Flavored / Pastry
829280,Harpagan Buzdygan Turborozkoszy Jack Daniel's Barrel Aged,Stout and Porter,Stout - Imperial Flavored / Pastry
704401,Shared Barrel Aged Coconut Vibes,Stout and Porter,Stout - Imperial Flavored / Pastry
838934,Anchorage Blessed,Stout and Porter,Stout - Imperial Flavored / Pastry
401745,WeldWerks Coconut Medianoche,Stout and Porter,Stout - Imperial Flavored / Pastry
529649,Bottle Logic Number Crunch,Stout and Porter,Stout - Imperial Flavored / Pastry
375318,AleSmith Speedway Stout - Hawaiian,Stout and Porter,Stout - Imperial Flavored / Pastry
616944,3 Sons Hug Hug Kiss Kiss,Stout and Porter,Stout - Imperial Flavored / Pastry
316841,Mikkeller Beer Geek Brunch Weasel BA Slyrs,Stout and Porter,Stout - Imperial Flavored / Pastry
307231,Cycle Nooner #8,Stout and Porter,Stout - Imperial Flavored / Pastry
215531,Prairie Bomb!,Stout and Porter,Stout - Imperial Flavored / Pastry
